Tiempo ,CONTROL,VELOCIDA,REFERENC,,
,,,,,Sobre Impulso
-0.1,0,0,0,,4.09500
-0.095,0,0,0,,Promedio
-0.09,0,0,0,,4.001151741
-0.085,0,0,0,,Mediana:
-0.08,0,0,0,,4.0000
-0.075,0,0,0,,Sobreimpulso %
-0.07,0,0,0,,2.346
-0.065,0,0,0,,
-0.06,0,0,0,,
-0.055,0,0,0,,Perturbación
-0.05,0,0,0,,Tiempo:
-0.045,0,0,0,,1.295
-0.04,0,0,0,,Valor mínimo
-0.035,0,0,0,,3.635
-0.03,0,0,0,,Valor máximo
-0.025,0,0,0,,4.363
-0.02,0,0,0,,Porcentaje a minimo
-0.015,0,0,0,,9.151158591
-0.01,0,0,0,,Porcentaje a maximo
-0.005,0,0,0,,9.043602495
0,-0.013,0.015,0,,
0.005,-0.02,0.022,0,,
0.01,-0.002,0,0,,
0.015,-0.017,0.018,0,,
0.02,-0.024,0.025,0,,
0.025,-0.025,0.025,0,,
0.03,-0.027,0.025,0,,
0.035,-0.028,0.025,0,,
0.04,-0.029,0.025,0,,
0.045,-0.032,0.027,0,,
0.05,-0.031,0.025,0,,
0.055,-0.031,0.022,0,,
0.06,-0.034,0.025,0,,
0.065,-0.035,0.025,0,,
0.07,-0.034,0.022,0,,
0.075,-0.035,0.022,0,,
0.08,-0.038,0.025,0,,
0.085,-0.04,0.025,0,,
0.09,-0.041,0.025,0,,
0.095,-0.042,0.025,0,,
0.1,-0.043,0.025,0,,
0.105,-0.044,0.025,0,,
0.11,-0.043,0.022,0,,
0.115,-0.047,0.025,0,,
0.12,-0.048,0.025,0,,
0.125,-0.049,0.025,0,,
0.13,-0.048,0.022,0,,
0.135,-0.051,0.025,0,,
0.14,-0.055,0.027,0,,
0.145,-0.054,0.025,0,,
0.15,-0.055,0.025,0,,
0.155,-0.054,0.022,0,,
0.16,-0.055,0.022,0,,
0.165,-0.056,0.022,0,,
0.17,-0.057,0.022,0,,
0.175,-0.061,0.025,0,,
0.18,-0.062,0.025,0,,
0.185,-0.063,0.025,0,,
0.19,-0.062,0.022,0,,
0.195,-0.065,0.025,0,,
0.2,-0.066,0.025,0,,
0.205,-0.065,0.022,0,,
0.21,-0.067,0.022,0,,
0.215,-0.068,0.022,0,,
0.22,-0.069,0.022,0,,
0.225,-0.07,0.022,0,,
0.23,-0.071,0.022,0,,
0.235,-0.074,0.025,0,,
0.24,-0.075,0.025,0,,
0.245,-0.074,0.022,0,,
0.25,-0.078,0.025,0,,
0.255,-0.079,0.025,0,,
0.26,-0.078,0.022,0,,
0.265,-0.077,0.02,0,,
0.27,-0.08,0.022,0,,
0.275,-0.081,0.022,0,,
0.28,-0.08,0.02,0,,
0.285,-0.081,0.02,0,,
0.29,-0.084,0.022,0,,
0.295,-0.085,0.022,0,,
0.3,-0.086,0.022,0,,
0.305,-0.087,0.022,0,,
0.31,-0.088,0.022,0,,
0.315,-0.089,0.022,0,,
0.32,-0.088,0.02,0,,
0.325,-0.091,0.022,0,,
0.33,-0.092,0.022,0,,
0.335,-0.094,0.022,0,,
0.34,-0.092,0.02,0,,
0.345,-0.096,0.022,0,,
0.35,-0.097,0.022,0,,
0.355,-0.098,0.022,0,,
0.36,-0.095,0.018,0,,
0.365,-0.1,0.022,0,,
0.37,-0.101,0.022,0,,
0.375,-0.102,0.022,0,,
0.38,-0.101,0.02,0,,
0.385,-0.102,0.02,0,,
0.39,-0.103,0.02,0,,
0.395,-0.104,0.02,0,,
0.4,-0.105,0.02,0,,
0.405,-0.106,0.02,0,,
0.41,-0.107,0.02,0,,
0.415,-0.107,0.02,0,,
0.42,-0.108,0.02,0,,
0.425,-0.112,0.022,0,,
0.43,-0.11,0.02,0,,
0.435,-0.109,0.018,0,,
0.44,-0.112,0.02,0,,
0.445,-0.111,0.018,0,,
0.45,-0.114,0.02,0,,
0.455,-0.113,0.018,0,,
0.46,-0.116,0.02,0,,
0.465,-0.115,0.018,0,,
0.47,-0.116,0.018,0,,
0.475,-0.116,0.018,0,,
0.48,-0.115,0.015,0,,
0.485,-0.118,0.018,0,,
0.49,-0.119,0.018,0,,
0.495,-0.12,0.018,0,,
0.5,-0.12,0.018,0,,
0.505,-0.121,0.018,0,,
0.51,-0.12,0.015,0,,
0.515,-0.123,0.018,0,,
0.52,-0.124,0.018,0,,
0.525,-0.122,0.015,0,,
0.53,-0.123,0.015,0,,
0.535,-0.124,0.015,0,,
0.54,-0.127,0.018,0,,
0.545,-0.125,0.015,0,,
0.55,-0.126,0.015,0,,
0.555,-0.127,0.015,0,,
0.56,-0.128,0.015,0,,
0.565,-0.128,0.015,0,,
0.57,-0.129,0.015,0,,
0.575,-0.13,0.015,0,,
0.58,-0.13,0.015,0,,
0.585,-0.129,0.012,0,,
0.59,-0.132,0.015,0,,
0.595,-0.132,0.015,0,,
0.6,-0.133,0.015,0,,
0.605,-0.134,0.015,0,,
0.61,-0.135,0.015,0,,
0.615,-0.135,0.015,0,,
0.62,-0.134,0.012,0,,
0.625,-0.134,0.012,0,,
0.63,-0.135,0.012,0,,
0.635,-0.136,0.012,0,,
0.64,-0.134,0.01,0,,
0.645,-0.135,0.01,0,,
0.65,-0.137,0.012,0,,
0.655,-0.138,0.012,0,,
0.66,-0.138,0.012,0,,
0.665,-0.137,0.01,0,,
0.67,-0.14,0.012,0,,
0.675,-0.138,0.01,0,,
0.68,-0.141,0.012,0,,
0.685,-0.141,0.012,0,,
0.69,-0.142,0.012,0,,
0.695,-0.142,0.012,0,,
0.7,-0.143,0.012,0,,
0.705,-0.144,0.012,0,,
0.71,-0.142,0.01,0,,
0.715,-0.143,0.01,0,,
0.72,-0.143,0.01,0,,
0.725,-0.143,0.01,0,,
0.73,-0.144,0.01,0,,
0.735,-0.142,0.008,0,,
0.74,-0.145,0.01,0,,
0.745,-0.143,0.008,0,,
0.75,-0.144,0.008,0,,
0.755,-0.144,0.008,0,,
0.76,-0.146,0.01,0,,
0.765,-0.145,0.008,0,,
0.77,-0.145,0.008,0,,
0.775,-0.145,0.008,0,,
0.78,-0.148,0.01,0,,
0.785,-0.148,0.01,0,,
0.79,-0.147,0.008,0,,
0.795,-0.147,0.008,0,,
0.8,-0.147,0.008,0,,
0.805,-0.148,0.008,0,,
0.81,-0.148,0.008,0,,
0.815,-0.149,0.008,0,,
0.82,-0.147,0.005,0,,
0.825,-0.147,0.005,0,,
0.83,-0.147,0.005,0,,
0.835,-0.15,0.008,0,,
0.84,-0.15,0.008,0,,
0.845,-0.148,0.005,0,,
0.85,-0.148,0.005,0,,
0.855,-0.149,0.005,0,,
0.86,-0.149,0.005,0,,
0.865,-0.149,0.005,0,,
0.87,-0.149,0.005,0,,
0.875,-0.152,0.008,0,,
0.88,-0.15,0.005,0,,
0.885,-0.15,0.005,0,,
0.89,-0.15,0.005,0,,
0.895,-0.151,0.005,0,,
0.9,-0.149,0.003,0,,
0.905,-0.149,0.003,0,,
0.91,-0.149,0.003,0,,
0.915,-0.151,0.005,0,,
0.92,-0.149,0.003,0,,
0.925,-0.147,0,0,,
0.93,-0.15,0.003,0,,
0.935,-0.15,0.003,0,,
0.94,-0.15,0.003,0,,
0.945,-0.15,0.003,0,,
0.95,-0.152,0.005,0,,
0.955,-0.15,0.003,0,,
0.96,-0.15,0.003,0,,
0.965,-0.15,0.003,0,,
0.97,-0.151,0.003,0,,
0.975,-0.151,0.003,0,,
0.98,-0.149,0,0,,
0.985,-0.151,0.003,0,,
0.99,-0.151,0.003,0,,
0.995,-0.149,0,0,,
1,3.297,0,4,,
1.005,3.166,0.375,4,,
1.01,3.047,0.715,4,,
1.015,2.977,0.98,4,,
1.02,2.945,1.185,4,,
1.025,2.938,1.35,4,,
1.03,2.934,1.503,4,,
1.035,2.929,1.647,4,,
1.04,2.947,1.758,4,,
1.045,3.012,1.808,4,,
1.05,2.981,1.965,4,,
1.055,3.016,2.037,4,,
1.06,3.039,2.12,4,,
1.065,3.048,2.215,4,,
1.07,3.101,2.253,4,,
1.075,3.099,2.352,4,,
1.08,3.109,2.432,4,,
1.085,3.12,2.508,4,,
1.09,3.09,2.625,4,,
1.095,3.15,2.632,4,,
1.1,3.125,2.738,4,,
1.105,3.16,2.767,4,,
1.11,3.141,2.858,4,,
1.115,3.198,2.855,4,,
1.12,3.145,2.98,4,,
1.125,3.19,2.985,4,,
1.13,3.191,3.04,4,,
1.135,3.184,3.103,4,,
1.14,3.227,3.103,4,,
1.145,3.186,3.2,4,,
1.15,3.205,3.223,4,,
1.155,3.156,3.322,4,,
1.16,3.201,3.307,4,,
1.165,3.228,3.315,4,,
1.17,3.194,3.392,4,,
1.175,3.204,3.415,4,,
1.18,3.195,3.457,4,,
1.185,3.166,3.523,4,,
1.19,3.238,3.465,4,,
1.195,3.154,3.593,4,,
1.2,3.199,3.562,4,,
1.205,3.197,3.59,4,,
1.21,3.177,3.635,4,,
1.215,3.186,3.645,4,,
1.22,3.193,3.658,4,,
1.225,3.17,3.702,4,,
1.23,3.191,3.695,4,,
1.235,3.188,3.715,4,,
1.24,3.135,3.793,4,,
1.245,3.156,3.78,4,,
1.25,3.201,3.74,4,,
1.255,3.151,3.812,4,,
1.26,3.136,3.84,4,,
1.265,3.159,3.823,4,,
1.27,3.144,3.85,4,,
1.275,3.115,3.893,4,,
1.28,3.146,3.862,4,,
1.285,3.159,3.855,4,,
1.29,3.101,3.93,4,,
1.295,3.107,3.928,4,,
1.3,3.144,3.887,4,,
1.305,3.122,3.92,4,,
1.31,3.096,3.955,4,,
1.315,3.117,3.932,4,,
1.32,3.129,3.923,4,,
1.325,3.066,4,4,,
1.33,3.064,4.003,4,,
1.335,3.105,3.955,4,,
1.34,3.102,3.96,4,,
1.345,3.07,4,4,,
1.35,3.098,3.967,4,,
1.355,3.132,3.93,4,,
1.36,3.081,3.993,4,,
1.365,3.062,4.015,4,,
1.37,3.085,3.988,4,,
1.375,3.084,3.99,4,,
1.38,3.015,4.07,4,,
1.385,3.029,4.05,4,,
1.39,3.083,3.985,4,,
1.395,3.094,3.972,4,,
1.4,3.039,4.037,4,,
1.405,3.029,4.047,4,,
1.41,3.05,4.02,4,,
1.415,3.026,4.047,4,,
1.42,3.013,4.06,4,,
1.425,3.051,4.012,4,,
1.43,3.074,3.985,4,,
1.435,3.032,4.035,4,,
1.44,3.004,4.065,4,,
1.445,3.025,4.037,4,,
1.45,3.046,4.01,4,,
1.455,3.012,4.05,4,,
1.46,3.016,4.043,4,,
1.465,3.035,4.017,4,,
1.47,3.028,4.025,4,,
1.475,2.966,4.095,4,,
1.48,2.988,4.065,4,,
1.485,3.043,3.997,4,,
1.49,3.049,3.99,4,,
1.495,2.966,4.088,4,,
1.5,2.959,4.09,4,,
1.505,3.007,4.03,4,,
1.51,3.014,4.02,4,,
1.515,2.976,4.062,4,,
1.52,2.978,4.057,4,,
1.525,2.992,4.037,4,,
1.53,2.973,4.057,4,,
1.535,2.957,4.072,4,,
1.54,2.993,4.027,4,,
1.545,3.03,3.983,4,,
1.55,2.975,4.047,4,,
1.555,2.94,4.085,4,,
1.56,2.969,4.047,4,,
1.565,2.996,4.012,4,,
1.57,2.968,4.045,4,,
1.575,2.964,4.047,4,,
1.58,2.972,4.035,4,,
1.585,2.972,4.033,4,,
1.59,2.932,4.078,4,,
1.595,2.948,4.055,4,,
1.6,2.999,3.993,4,,
1.605,3.002,3.99,4,,
1.61,2.92,4.085,4,,
1.615,2.91,4.092,4,,
1.62,2.961,4.027,4,,
1.625,2.977,4.008,4,,
1.63,2.94,4.05,4,,
1.635,2.938,4.05,4,,
1.64,2.959,4.023,4,,
1.645,2.939,4.045,4,,
1.65,2.913,4.072,4,,
1.655,2.957,4.017,4,,
1.66,2.986,3.983,4,,
1.665,2.942,4.035,4,,
1.67,2.923,4.055,4,,
1.675,2.937,4.035,4,,
1.68,2.953,4.015,4,,
1.685,2.92,4.053,4,,
1.69,2.937,4.03,4,,
1.695,2.972,3.988,4,,
1.7,2.975,3.985,4,,
1.705,2.906,4.065,4,,
1.71,2.903,4.065,4,,
1.715,2.945,4.012,4,,
1.72,2.958,3.997,4,,
1.725,2.936,4.023,4,,
1.73,2.942,4.015,4,,
1.735,2.98,3.97,4,,
1.74,2.936,4.023,4,,
1.745,2.907,4.055,4,,
1.75,2.932,4.023,4,,
1.755,2.961,3.988,4,,
1.76,2.917,4.04,4,,
1.765,2.932,4.02,4,,
1.77,2.963,3.983,4,,
1.775,2.958,3.99,4,,
1.78,2.891,4.068,4,,
1.785,2.895,4.06,4,,
1.79,2.939,4.005,4,,
1.795,2.954,3.988,4,,
1.8,2.924,4.023,4,,
1.805,2.936,4.008,4,,
1.81,2.957,3.983,4,,
1.815,2.926,4.02,4,,
1.82,2.899,4.05,4,,
1.825,2.923,4.02,4,,
1.83,2.947,3.99,4,,
1.835,2.911,4.033,4,,
1.84,2.923,4.017,4,,
1.845,2.961,3.972,4,,
1.85,2.964,3.97,4,,
1.855,2.897,4.05,4,,
1.86,2.89,4.055,4,,
1.865,2.928,4.008,4,,
1.87,2.934,4,4,,
1.875,2.908,4.03,4,,
1.88,2.939,3.993,4,,
1.885,2.976,3.95,4,,
1.89,2.931,4.005,4,,
1.895,2.899,4.043,4,,
1.9,2.927,4.008,4,,
1.905,2.942,3.99,4,,
1.91,2.882,4.06,4,,
1.915,2.907,4.027,4,,
1.92,2.955,3.97,4,,
1.925,2.965,3.96,4,,
1.93,2.907,4.03,4,,
1.935,2.912,4.023,4,,
1.94,2.937,3.993,4,,
1.945,2.915,4.017,4,,
1.95,2.889,4.047,4,,
1.955,2.929,3.997,4,,
1.96,2.951,3.972,4,,
1.965,2.914,4.017,4,,
1.97,2.924,4.005,4,,
1.975,2.947,3.977,4,,
1.98,2.937,3.99,4,,
1.985,2.878,4.06,4,,
1.99,2.883,4.05,4,,
1.995,2.922,4.003,4,,
2,2.928,3.995,4,,
2.005,2.905,4.023,4,,
2.01,2.932,3.99,4,,
2.015,2.958,3.96,4,,
2.02,2.919,4.008,4,,
2.025,2.897,4.033,4,,
2.03,2.917,4.008,4,,
2.035,2.927,3.995,4,,
2.04,2.874,4.057,4,,
2.045,2.884,4.043,4,,
2.05,2.938,3.977,4,,
2.055,2.956,3.957,4,,
2.06,2.902,4.023,4,,
2.065,2.899,4.025,4,,
2.07,2.928,3.99,4,,
2.075,2.903,4.02,4,,
2.08,2.871,4.055,4,,
2.085,2.912,4.005,4,,
2.09,2.938,3.975,4,,
2.095,2.894,4.027,4,,
2.1,2.905,4.012,4,,
2.105,2.948,3.963,4,,
2.11,2.947,3.965,4,,
2.115,2.871,4.055,4,,
2.12,2.877,4.045,4,,
2.125,2.905,4.01,4,,
2.13,2.901,4.015,4,,
2.135,2.88,4.037,4,,
2.14,2.915,3.995,4,,
2.145,2.952,3.952,4,,
2.15,2.903,4.012,4,,
2.155,2.891,4.025,4,,
2.16,2.907,4.005,4,,
2.165,2.907,4.005,4,,
2.17,2.849,4.072,4,,
2.175,2.854,4.062,4,,
2.18,2.905,4,4,,
2.185,2.922,3.98,4,,
2.19,2.878,4.033,4,,
2.195,2.878,4.03,4,,
2.2,2.911,3.99,4,,
2.205,2.879,4.027,4,,
2.21,2.85,4.06,4,,
2.215,2.884,4.017,4,,
2.22,2.918,3.977,4,,
2.225,2.869,4.035,4,,
2.23,2.88,4.02,4,,
2.235,2.909,3.985,4,,
2.24,2.908,3.988,4,,
2.245,2.835,4.072,4,,
2.25,2.836,4.068,4,,
2.255,2.88,4.012,4,,
2.26,2.884,4.008,4,,
2.265,2.864,4.03,4,,
2.27,2.889,4,4,,
2.275,2.917,3.967,4,,
2.28,2.877,4.015,4,,
2.285,2.853,4.043,4,,
2.29,2.879,4.01,4,,
2.295,2.883,4.005,4,,
2.3,2.835,4.06,4,,
2.305,2.847,4.043,4,,
2.31,2.901,3.977,4,,
2.315,2.905,3.975,4,,
2.32,2.863,4.025,4,,
2.325,2.853,4.035,4,,
2.33,2.877,4.005,4,,
2.335,2.862,4.023,4,,
2.34,2.837,4.05,4,,
2.345,2.867,4.012,4,,
2.35,2.901,3.972,4,,
2.355,2.859,4.023,4,,
2.36,2.862,4.017,4,,
2.365,2.896,3.977,4,,
2.37,2.897,3.977,4,,
2.375,2.829,4.057,4,,
2.38,2.826,4.057,4,,
2.385,2.867,4.008,4,,
2.39,2.864,4.01,4,,
2.395,2.84,4.037,4,,
2.4,2.877,3.993,4,,
2.405,2.914,3.95,4,,
2.41,2.867,4.008,4,,
2.415,2.856,4.02,4,,
2.42,2.876,3.995,4,,
2.425,2.879,3.993,4,,
2.43,2.816,4.065,4,,
2.435,2.828,4.047,4,,
2.44,2.869,3.997,4,,
2.445,2.871,3.995,4,,
2.45,2.852,4.017,4,,
2.455,2.871,3.995,4,,
2.46,2.91,3.95,4,,
2.465,2.865,4.005,4,,
2.47,2.845,4.027,4,,
2.475,2.865,4.003,4,,
2.48,2.87,3.997,4,,
2.485,2.822,4.053,4,,
2.49,2.833,4.037,4,,
2.495,2.874,3.988,4,,
2.5,2.89,3.97,4,,
2.505,2.857,4.01,4,,
2.51,2.865,4,4,,
2.515,2.904,3.955,4,,
2.52,2.856,4.012,4,,
2.525,2.83,4.043,4,,
2.53,2.862,4.003,4,,
2.535,2.871,3.993,4,,
2.54,2.824,4.047,4,,
2.545,2.834,4.033,4,,
2.55,2.887,3.97,4,,
2.555,2.897,3.96,4,,
2.56,2.843,4.025,4,,
2.565,2.85,4.015,4,,
2.57,2.882,3.977,4,,
2.575,2.855,4.01,4,,
2.58,2.826,4.043,4,,
2.585,2.861,4,4,,
2.59,2.872,3.988,4,,
2.595,2.825,4.043,4,,
2.6,2.849,4.012,4,,
2.605,2.891,3.963,4,,
2.61,2.895,3.96,4,,
2.615,2.841,4.025,4,,
2.62,2.848,4.015,4,,
2.625,2.876,3.983,4,,
2.63,2.848,4.015,4,,
2.635,2.835,4.03,4,,
2.64,2.861,3.997,4,,
2.645,2.879,3.977,4,,
2.65,2.835,4.03,4,,
2.655,2.853,4.008,4,,
2.66,2.887,3.967,4,,
2.665,2.897,3.957,4,,
2.67,2.839,4.027,4,,
2.675,2.835,4.03,4,,
2.68,2.866,3.993,4,,
2.685,2.853,4.008,4,,
2.69,2.827,4.037,4,,
2.695,2.86,3.997,4,,
2.7,2.884,3.97,4,,
2.705,2.838,4.025,4,,
2.71,2.856,4.003,4,,
2.715,2.895,3.957,4,,
2.72,2.894,3.96,4,,
2.725,2.836,4.03,4,,
2.73,2.832,4.033,4,,
2.735,2.87,3.988,4,,
2.74,2.849,4.012,4,,
2.745,2.829,4.035,4,,
2.75,2.866,3.99,4,,
2.755,2.888,3.965,4,,
2.76,2.844,4.017,4,,
2.765,2.861,3.997,4,,
2.77,2.897,3.955,4,,
2.775,2.897,3.957,4,,
2.78,2.835,4.033,4,,
2.785,2.838,4.027,4,,
2.79,2.871,3.988,4,,
2.795,2.852,4.01,4,,
2.8,2.823,4.043,4,,
2.805,2.865,3.993,4,,
2.81,2.889,3.965,4,,
2.815,2.845,4.017,4,,
2.82,2.866,3.993,4,,
2.825,2.89,3.965,4,,
2.83,2.898,3.957,4,,
2.835,2.835,4.033,4,,
2.84,2.825,4.043,4,,
2.845,2.868,3.99,4,,
2.85,2.854,4.008,4,,
2.855,2.83,4.035,4,,
2.86,2.862,3.995,4,,
2.865,2.893,3.96,4,,
2.87,2.852,4.01,4,,
2.875,2.858,4.003,4,,
2.88,2.883,3.972,4,,
2.885,2.891,3.965,4,,
2.89,2.824,4.045,4,,
2.895,2.82,4.047,4,,
2.9,2.863,3.995,4,,
2.905,2.856,4.003,4,,
2.91,2.833,4.03,4,,
2.915,2.868,3.988,4,,
2.92,2.903,3.947,4,,
2.925,2.858,4.003,4,,
2.93,2.86,4,4,,
2.935,2.886,3.97,4,,
2.94,2.879,3.98,4,,
2.945,2.813,4.057,4,,
2.95,2.823,4.043,4,,
2.955,2.864,3.993,4,,
2.96,2.862,3.995,4,,
2.965,2.841,4.02,4,,
2.97,2.874,3.98,4,,
2.975,2.901,3.95,4,,
2.98,2.863,3.997,4,,
2.985,2.861,4,4,,
2.99,2.871,3.988,4,,
2.995,2.874,3.985,4,,
3,2.821,4.047,4,,
3.005,2.821,4.045,4,,
3.01,2.866,3.99,4,,
3.015,2.875,3.98,4,,
3.02,2.848,4.012,4,,
3.025,2.869,3.988,4,,
3.03,2.9,3.952,4,,
3.035,2.866,3.995,4,,
3.04,2.851,4.012,4,,
3.045,2.867,3.993,4,,
3.05,2.87,3.99,4,,
3.055,2.821,4.047,4,,
3.06,2.831,4.033,4,,
3.065,2.882,3.972,4,,
3.07,2.892,3.963,4,,
3.075,2.85,4.012,4,,
3.08,2.867,3.993,4,,
3.085,2.889,3.967,4,,
3.09,2.862,4,4,,
3.095,2.834,4.033,4,,
3.1,2.867,3.993,4,,
3.105,2.876,3.983,4,,
3.11,2.83,4.037,4,,
3.115,2.843,4.02,4,,
3.12,2.889,3.965,4,,
3.125,2.9,3.955,4,,
3.13,2.848,4.017,4,,
3.135,2.849,4.015,4,,
3.14,2.872,3.988,4,,
3.145,2.858,4.005,4,,
3.15,2.84,4.025,4,,
3.155,2.863,3.997,4,,
3.16,2.887,3.97,4,,
3.165,2.847,4.017,4,,
3.17,2.864,3.997,4,,
3.175,2.894,3.963,4,,
3.18,2.902,3.955,4,,
3.185,2.842,4.027,4,,
3.19,2.834,4.035,4,,
3.195,2.862,4,4,,
3.2,2.862,4,4,,
3.205,2.837,4.03,4,,
3.21,2.874,3.985,4,,
3.215,2.916,3.938,4,,
3.22,2.867,3.997,4,,
3.225,2.861,4.005,4,,
3.23,2.89,3.97,4,,
3.235,2.892,3.97,4,,
3.24,2.822,4.053,4,,
3.245,2.828,4.043,4,,
3.25,2.867,3.995,4,,
3.255,2.876,3.985,4,,
3.26,2.857,4.008,4,,
3.265,2.885,3.975,4,,
3.27,2.921,3.935,4,,
3.275,2.866,4.003,4,,
3.28,2.851,4.02,4,,
3.285,2.875,3.99,4,,
3.29,2.878,3.988,4,,
3.295,2.827,4.047,4,,
3.3,2.848,4.02,4,,
3.305,2.888,3.972,4,,
3.31,2.9,3.96,4,,
3.315,2.866,4.003,4,,
3.32,2.87,3.997,4,,
3.325,2.9,3.963,4,,
3.33,2.872,3.997,4,,
3.335,2.84,4.035,4,,
3.34,2.868,4,4,,
3.345,2.892,3.972,4,,
3.35,2.848,4.025,4,,
3.355,2.868,4,4,,
3.36,2.903,3.96,4,,
3.365,2.909,3.955,4,,
3.37,2.842,4.035,4,,
3.375,2.834,4.043,4,,
3.38,2.871,3.997,4,,
3.385,2.864,4.005,4,,
3.39,2.845,4.027,4,,
3.395,2.88,3.985,4,,
3.4,2.915,3.945,4,,
3.405,2.875,3.995,4,,
3.41,2.864,4.008,4,,
3.415,2.883,3.985,4,,
3.42,2.882,3.988,4,,
3.425,2.82,4.06,4,,
3.43,2.839,4.035,4,,
3.435,2.889,3.975,4,,
3.44,2.896,3.967,4,,
3.445,2.861,4.01,4,,
3.45,2.872,3.997,4,,
3.455,2.887,3.98,4,,
3.46,2.862,4.01,4,,
3.465,2.842,4.033,4,,
3.47,2.871,3.997,4,,
3.475,2.894,3.97,4,,
3.48,2.855,4.017,4,,
3.485,2.869,4,4,,
3.49,2.899,3.965,4,,
3.495,2.905,3.96,4,,
3.5,2.838,4.04,4,,
3.505,2.834,4.043,4,,
3.51,2.869,4,4,,
3.515,2.877,3.99,4,,
3.52,2.856,4.015,4,,
3.525,2.886,3.98,4,,
3.53,2.926,3.935,4,,
3.535,2.875,3.997,4,,
3.54,2.853,4.023,4,,
3.545,2.88,3.99,4,,
3.55,2.889,3.98,4,,
3.555,2.826,4.055,4,,
3.56,2.849,4.025,4,,
3.565,2.906,3.957,4,,
3.57,2.917,3.947,4,,
3.575,2.861,4.015,4,,
3.58,2.858,4.017,4,,
3.585,2.887,3.983,4,,
3.59,2.862,4.012,4,,
3.595,2.845,4.033,4,,
3.6,2.882,3.988,4,,
3.605,2.913,3.952,4,,
3.61,2.872,4.003,4,,
3.615,2.887,3.985,4,,
3.62,2.9,3.97,4,,
3.625,2.887,3.988,4,,
3.63,2.814,4.072,4,,
3.635,2.828,4.053,4,,
3.64,2.873,3.997,4,,
3.645,2.892,3.975,4,,
3.65,2.861,4.012,4,,
3.655,2.886,3.983,4,,
3.66,2.917,3.947,4,,
3.665,2.883,3.99,4,,
3.67,2.873,4.003,4,,
3.675,2.886,3.988,4,,
3.68,2.891,3.983,4,,
3.685,2.833,4.05,4,,
3.69,2.84,4.04,4,,
3.695,2.889,3.98,4,,
3.7,2.897,3.972,4,,
3.705,2.87,4.005,4,,
3.71,2.894,3.977,4,,
3.715,2.933,3.932,4,,
3.72,2.891,3.985,4,,
3.725,2.881,3.997,4,,
3.73,2.905,3.97,4,,
3.735,2.904,3.972,4,,
3.74,2.841,4.047,4,,
3.745,2.85,4.035,4,,
3.75,2.891,3.985,4,,
3.755,2.894,3.983,4,,
3.76,2.873,4.008,4,,
3.765,2.907,3.967,4,,
3.77,2.935,3.938,4,,
3.775,2.892,3.99,4,,
3.78,2.895,3.988,4,,
3.785,2.917,3.963,4,,
3.79,2.915,3.967,4,,
3.795,2.856,4.037,4,,
3.8,2.858,4.033,4,,
3.805,2.894,3.99,4,,
3.81,2.892,3.993,4,,
3.815,2.873,4.015,4,,
3.82,2.904,3.977,4,,
3.825,2.934,3.945,4,,
3.83,2.893,3.995,4,,
3.835,2.904,3.983,4,,
3.84,2.924,3.96,4,,
3.845,2.928,3.957,4,,
3.85,2.87,4.027,4,,
3.855,2.864,4.033,4,,
3.86,2.9,3.99,4,,
3.865,2.896,3.995,4,,
3.87,2.874,4.02,4,,
3.875,2.904,3.985,4,,
3.88,2.932,3.952,4,,
3.885,2.887,4.008,4,,
3.89,2.902,3.99,4,,
3.895,2.933,3.955,4,,
3.9,2.937,3.952,4,,
3.905,2.875,4.027,4,,
3.91,2.875,4.025,4,,
3.915,2.917,3.975,4,,
3.92,2.893,4.005,4,,
3.925,2.871,4.03,4,,
3.93,2.908,3.985,4,,
3.935,2.924,3.967,4,,
3.94,2.88,4.02,4,,
3.945,2.903,3.993,4,,
3.95,2.938,3.952,4,,
3.955,2.942,3.95,4,,
3.96,2.878,4.027,4,,
3.965,2.883,4.02,4,,
3.97,2.912,3.985,4,,
3.975,2.894,4.008,4,,
3.98,2.874,4.03,4,,
3.985,2.907,3.99,4,,
3.99,2.922,3.972,4,,
3.995,2.885,4.017,4,,
4,2.901,3.997,4,,
4.005,2.934,3.96,4,,
4.01,2.938,3.957,4,,
4.015,2.88,4.027,4,,
4.02,2.878,4.027,4,,
4.025,2.905,3.995,4,,
4.03,2.897,4.005,4,,
4.035,2.87,4.035,4,,
4.04,2.905,3.993,4,,
4.045,2.932,3.963,4,,
4.05,2.886,4.017,4,,
4.055,2.898,4.003,4,,
4.06,2.939,3.955,4,,
4.065,2.943,3.952,4,,
4.07,2.872,4.037,4,,
4.075,2.873,4.035,4,,
4.08,2.914,3.985,4,,
4.085,2.893,4.01,4,,
4.09,2.867,4.04,4,,
4.095,2.906,3.993,4,,
4.1,2.932,3.963,4,,
4.105,2.887,4.017,4,,
4.11,2.901,4,4,,
4.115,2.927,3.97,4,,
4.12,2.932,3.965,4,,
4.125,2.865,4.045,4,,
4.13,2.867,4.04,4,,
4.135,2.9,4,4,,
4.14,2.891,4.01,4,,
4.145,2.869,4.035,4,,
4.15,2.906,3.99,4,,
4.155,2.933,3.96,4,,
4.16,2.894,4.008,4,,
4.165,2.898,4.003,4,,
4.17,2.923,3.972,4,,
4.175,2.922,3.975,4,,
4.18,2.859,4.05,4,,
4.185,2.854,4.053,4,,
4.19,2.897,4,4,,
4.195,2.897,4,4,,
4.2,2.873,4.027,4,,
4.205,2.9,3.995,4,,
4.21,2.939,3.95,4,,
4.215,2.896,4.003,4,,
4.22,2.892,4.008,4,,
4.225,2.913,3.983,4,,
4.23,2.92,3.975,4,,
4.235,2.851,4.057,4,,
4.24,2.852,4.053,4,,
4.245,2.897,3.997,4,,
4.25,2.895,4,4,,
4.255,2.871,4.027,4,,
4.26,2.902,3.99,4,,
4.265,2.937,3.95,4,,
4.27,2.894,4.003,4,,
4.275,2.892,4.005,4,,
4.28,2.909,3.985,4,,
4.285,2.908,3.988,4,,
4.29,2.848,4.057,4,,
4.295,2.852,4.05,4,,
4.3,2.892,4,4,,
4.305,2.897,3.995,4,,
4.31,2.875,4.02,4,,
4.315,2.9,3.99,4,,
4.32,2.929,3.957,4,,
4.325,2.892,4.003,4,,
4.33,2.883,4.012,4,,
4.335,2.9,3.993,4,,
4.34,2.902,3.99,4,,
4.345,2.847,4.055,4,,
4.35,2.851,4.047,4,,
4.355,2.891,3.997,4,,
4.36,2.898,3.99,4,,
4.365,2.875,4.017,4,,
4.37,2.893,3.995,4,,
4.375,2.928,3.955,4,,
4.38,2.894,3.997,4,,
4.385,2.883,4.01,4,,
4.39,2.9,3.99,4,,
4.395,2.902,3.988,4,,
4.4,2.843,4.057,4,,
4.405,2.844,4.053,4,,
4.41,2.887,4,4,,
4.415,2.895,3.99,4,,
4.42,2.861,4.03,4,,
4.425,2.901,3.983,4,,
4.43,2.928,3.952,4,,
4.435,2.887,4.003,4,,
4.44,2.887,4.003,4,,
4.445,2.912,3.972,4,,
4.45,2.907,3.98,4,,
4.455,2.842,4.057,4,,
4.46,2.847,4.047,4,,
4.465,2.882,4.005,4,,
4.47,2.879,4.008,4,,
4.475,2.864,4.025,4,,
4.48,2.899,3.983,4,,
4.485,2.922,3.957,4,,
4.49,2.876,4.012,4,,
4.495,2.893,3.993,4,,
4.5,2.915,3.967,4,,
4.505,2.916,3.967,4,,
4.51,2.849,4.047,4,,
4.515,2.853,4.04,4,,
4.52,2.886,4,4,,
4.525,2.873,4.015,4,,
4.53,2.853,4.037,4,,
4.535,2.888,3.995,4,,
4.54,2.911,3.967,4,,
4.545,2.866,4.023,4,,
4.55,2.882,4.003,4,,
4.555,2.912,3.967,4,,
4.56,2.922,3.957,4,,
4.565,2.864,4.027,4,,
4.57,2.867,4.023,4,,
4.575,2.907,3.975,4,,
4.58,2.88,4.008,4,,
4.585,2.854,4.037,4,,
4.59,2.878,4.008,4,,
4.595,2.901,3.98,4,,
4.6,2.846,4.045,4,,
4.605,2.861,4.025,4,,
4.61,2.907,3.97,4,,
4.615,2.915,3.963,4,,
4.62,2.869,4.017,4,,
4.625,2.888,3.995,4,,
4.63,2.927,3.95,4,,
4.635,2.88,4.008,4,,
4.64,2.856,4.035,4,,
4.645,2.889,3.995,4,,
4.65,2.893,3.99,4,,
4.655,2.836,4.057,4,,
4.66,2.85,4.037,4,,
4.665,2.889,3.99,4,,
4.67,2.892,3.988,4,,
4.675,2.869,4.015,4,,
4.68,2.898,3.98,4,,
4.685,2.931,3.943,4,,
4.69,2.887,3.997,4,,
4.695,2.885,4,4,,
4.7,2.906,3.975,4,,
4.705,2.91,3.972,4,,
4.71,2.844,4.05,4,,
4.715,2.848,4.043,4,,
4.72,2.876,4.008,4,,
4.725,2.876,4.008,4,,
4.73,2.856,4.03,4,,
4.735,2.881,4,4,,
4.74,2.906,3.97,4,,
4.745,2.867,4.017,4,,
4.75,2.875,4.008,4,,
4.755,2.913,3.963,4,,
4.76,2.921,3.955,4,,
4.765,2.874,4.012,4,,
4.77,2.867,4.02,4,,
4.775,2.9,3.98,4,,
4.78,2.88,4.005,4,,
4.785,2.85,4.04,4,,
4.79,2.884,3.997,4,,
4.795,2.897,3.983,4,,
4.8,2.84,4.05,4,,
4.805,2.85,4.035,4,,
4.81,2.896,3.98,4,,
4.815,2.899,3.977,4,,
4.82,2.866,4.017,4,,
4.825,2.895,3.983,4,,
4.83,2.924,3.95,4,,
4.835,2.881,4.003,4,,
4.84,2.883,4,4,,
4.845,2.911,3.967,4,,
4.85,2.911,3.97,4,,
4.855,2.847,4.045,4,,
4.86,2.852,4.037,4,,
4.865,2.891,3.99,4,,
4.87,2.874,4.01,4,,
4.875,2.852,4.035,4,,
4.88,2.887,3.993,4,,
4.885,2.896,3.983,4,,
4.89,2.852,4.035,4,,
4.895,2.869,4.012,4,,
4.9,2.91,3.965,4,,
4.905,2.911,3.965,4,,
4.91,2.876,4.008,4,,
4.915,2.893,3.988,4,,
4.92,2.928,3.947,4,,
4.925,2.89,3.995,4,,
4.93,2.871,4.017,4,,
4.935,2.892,3.993,4,,
4.94,2.9,3.983,4,,
4.945,2.839,4.055,4,,
4.95,2.847,4.043,4,,
4.955,2.884,3.997,4,,
4.96,2.884,3.997,4,,
4.965,2.862,4.023,4,,
4.97,2.889,3.99,4,,
4.975,2.922,3.952,4,,
4.98,2.873,4.012,4,,
4.985,2.876,4.008,4,,
4.99,2.915,3.963,4,,
4.995,2.921,3.957,4,,
5,2.863,4.027,4,,
5.005,2.868,4.02,4,,
5.01,2.901,3.98,4,,
5.015,2.883,4.003,4,,
5.02,2.855,4.035,4,,
5.025,2.89,3.993,4,,
5.03,2.894,3.988,4,,
5.035,2.841,4.05,4,,
5.04,2.854,4.033,4,,
5.045,2.9,3.977,4,,
5.05,2.899,3.98,4,,
5.055,2.869,4.015,4,,
5.06,2.901,3.977,4,,
5.065,2.93,3.945,4,,
5.07,2.883,4.003,4,,
5.075,2.892,3.993,4,,
5.08,2.914,3.967,4,,
5.085,2.906,3.977,4,,
5.09,2.854,4.04,4,,
5.095,2.854,4.037,4,,
5.1,2.889,3.995,4,,
5.105,2.876,4.01,4,,
5.11,2.858,4.03,4,,
5.115,2.885,3.997,4,,
5.12,2.904,3.975,4,,
5.125,2.854,4.035,4,,
5.13,2.867,4.017,4,,
5.135,2.905,3.972,4,,
5.14,2.915,3.963,4,,
5.145,2.878,4.008,4,,
5.15,2.893,3.99,4,,
5.155,2.932,3.945,4,,
5.16,2.894,3.993,4,,
5.165,2.875,4.015,4,,
5.17,2.898,3.988,4,,
5.175,2.903,3.983,4,,
5.18,2.843,4.053,4,,
5.185,2.845,4.047,4,,
5.19,2.886,3.997,4,,
5.195,2.884,4,4,,
5.2,2.862,4.025,4,,
5.205,2.898,3.983,4,,
5.21,2.92,3.957,4,,
5.215,2.868,4.02,4,,
5.22,2.88,4.005,4,,
5.225,2.927,3.95,4,,
5.23,2.923,3.957,4,,
5.235,2.872,4.02,4,,
5.24,2.883,4.005,4,,
5.245,2.909,3.975,4,,
5.25,2.882,4.008,4,,
5.255,2.869,4.023,4,,
5.26,2.896,3.99,4,,
5.265,2.901,3.985,4,,
5.27,2.843,4.053,4,,
5.275,2.858,4.033,4,,
5.28,2.902,3.98,4,,
5.285,2.892,3.993,4,,
5.29,2.866,4.023,4,,
5.295,2.9,3.983,4,,
5.3,2.926,3.952,4,,
5.305,2.888,4,4,,
5.31,2.89,3.997,4,,
5.315,2.914,3.97,4,,
5.32,2.922,3.963,4,,
5.325,2.861,4.035,4,,
5.33,2.859,4.035,4,,
5.335,2.894,3.993,4,,
5.34,2.884,4.005,4,,
5.345,2.86,4.033,4,,
5.35,2.886,4,4,,
5.355,2.91,3.972,4,,
5.36,2.86,4.033,4,,
5.365,2.871,4.017,4,,
5.37,2.913,3.967,4,,
5.375,2.923,3.957,4,,
5.38,2.88,4.01,4,,
5.385,2.897,3.99,4,,
5.39,2.938,3.943,4,,
5.395,2.894,3.997,4,,
5.4,2.875,4.02,4,,
5.405,2.902,3.988,4,,
5.41,2.906,3.983,4,,
5.415,2.847,4.053,4,,
5.42,2.855,4.04,4,,
5.425,2.899,3.988,4,,
5.43,2.899,3.988,4,,
5.435,2.876,4.015,4,,
5.44,2.901,3.985,4,,
5.445,2.93,3.952,4,,
5.45,2.883,4.01,4,,
5.455,2.891,4,4,,
5.46,2.925,3.96,4,,
5.465,2.929,3.957,4,,
5.47,2.871,4.027,4,,
5.475,2.87,4.027,4,,
5.48,2.899,3.993,4,,
5.485,2.882,4.012,4,,
5.49,2.866,4.03,4,,
5.495,2.91,3.977,4,,
5.5,2.935,3.95,4,,
5.505,2.915,3.975,4,,
5.51,2.953,3.932,4,,
5.515,3.023,3.855,4,,
5.52,3.058,3.823,4,,
5.525,3.088,3.798,4,,
5.53,3.154,3.733,4,,
5.535,3.156,3.745,4,,
5.54,3.145,3.772,4,,
5.545,3.222,3.695,4,,
5.55,3.261,3.668,4,,
5.555,3.218,3.735,4,,
5.56,3.279,3.68,4,,
5.565,3.322,3.648,4,,
5.57,3.274,3.722,4,,
5.575,3.335,3.668,4,,
5.58,3.375,3.64,4,,
5.585,3.329,3.713,4,,
5.59,3.391,3.658,4,,
5.595,3.426,3.635,4,,
5.6,3.371,3.72,4,,
5.605,3.438,3.658,4,,
5.61,3.472,3.638,4,,
5.615,3.422,3.715,4,,
5.62,3.494,3.648,4,,
5.625,3.518,3.64,4,,
5.63,3.464,3.722,4,,
5.635,3.531,3.66,4,,
5.64,3.545,3.663,4,,
5.645,3.492,3.742,4,,
5.65,3.55,3.69,4,,
5.655,3.582,3.67,4,,
5.66,3.527,3.753,4,,
5.665,3.575,3.71,4,,
5.67,3.617,3.677,4,,
5.675,3.566,3.755,4,,
5.68,3.597,3.733,4,,
5.685,3.638,3.7,4,,
5.69,3.607,3.753,4,,
5.695,3.621,3.75,4,,
5.7,3.635,3.747,4,,
5.705,3.611,3.79,4,,
5.71,3.651,3.755,4,,
5.715,3.665,3.753,4,,
5.72,3.601,3.84,4,,
5.725,3.637,3.807,4,,
5.73,3.7,3.745,4,,
5.735,3.654,3.812,4,,
5.74,3.644,3.835,4,,
5.745,3.673,3.81,4,,
5.75,3.674,3.82,4,,
5.755,3.678,3.825,4,,
5.76,3.725,3.78,4,,
5.765,3.721,3.798,4,,
5.77,3.672,3.865,4,,
5.775,3.709,3.83,4,,
5.78,3.728,3.817,4,,
5.785,3.689,3.872,4,,
5.79,3.723,3.84,4,,
5.795,3.779,3.785,4,,
5.8,3.709,3.878,4,,
5.805,3.698,3.898,4,,
5.81,3.741,3.852,4,,
5.815,3.727,3.878,4,,
5.82,3.709,3.905,4,,
5.825,3.761,3.85,4,,
5.83,3.783,3.832,4,,
5.835,3.735,3.898,4,,
5.84,3.768,3.865,4,,
5.845,3.805,3.83,4,,
5.85,3.749,3.905,4,,
5.855,3.747,3.913,4,,
5.86,3.781,3.878,4,,
5.865,3.765,3.902,4,,
5.87,3.742,3.935,4,,
5.875,3.782,3.893,4,,
5.88,3.798,3.88,4,,
5.885,3.754,3.938,4,,
5.89,3.774,3.918,4,,
5.895,3.83,3.858,4,,
5.9,3.804,3.895,4,,
5.905,3.792,3.915,4,,
5.91,3.831,3.875,4,,
5.915,3.85,3.86,4,,
5.92,3.796,3.93,4,,
5.925,3.817,3.91,4,,
5.93,3.847,3.88,4,,
5.935,3.805,3.935,4,,
5.94,3.819,3.923,4,,
5.945,3.849,3.893,4,,
5.95,3.847,3.9,4,,
5.955,3.811,3.947,4,,
5.96,3.824,3.935,4,,
5.965,3.851,3.907,4,,
5.97,3.8,3.972,4,,
5.975,3.799,3.975,4,,
5.98,3.841,3.928,4,,
5.985,3.849,3.923,4,,
5.99,3.822,3.957,4,,
5.995,3.84,3.94,4,,
6,3.866,3.913,4,,
6.005,3.819,3.972,4,,
6.01,3.816,3.977,4,,
6.015,3.827,3.965,4,,
6.02,3.838,3.955,4,,
6.025,3.782,4.023,4,,
6.03,3.776,4.027,4,,
6.035,3.807,3.99,4,,
6.04,3.786,4.015,4,,
6.045,3.758,4.047,4,,
6.05,3.783,4.015,4,,
6.055,3.804,3.99,4,,
6.06,3.757,4.045,4,,
6.065,3.77,4.027,4,,
6.07,3.805,3.985,4,,
6.075,3.815,3.975,4,,
6.08,3.753,4.047,4,,
6.085,3.743,4.057,4,,
6.09,3.783,4.008,4,,
6.095,3.763,4.03,4,,
6.1,3.742,4.053,4,,
6.105,3.779,4.008,4,,
6.11,3.8,3.983,4,,
6.115,3.755,4.035,4,,
6.12,3.767,4.02,4,,
6.125,3.781,4.003,4,,
6.13,3.783,4,4,,
6.135,3.72,4.072,4,,
6.14,3.728,4.06,4,,
6.145,3.763,4.015,4,,
6.15,3.767,4.01,4,,
6.155,3.752,4.027,4,,
6.16,3.774,4,4,,
6.165,3.793,3.977,4,,
6.17,3.762,4.015,4,,
6.175,3.744,4.035,4,,
6.18,3.76,4.015,4,,
6.185,3.759,4.015,4,,
6.19,3.719,4.06,4,,
6.195,3.723,4.053,4,,
6.2,3.77,3.995,4,,
6.205,3.785,3.977,4,,
6.21,3.746,4.025,4,,
6.215,3.749,4.02,4,,
6.22,3.774,3.99,4,,
6.225,3.748,4.02,4,,
6.23,3.721,4.05,4,,
6.235,3.745,4.02,4,,
6.24,3.763,3.997,4,,
6.245,3.712,4.057,4,,
6.25,3.733,4.03,4,,
6.255,3.776,3.977,4,,
6.26,3.786,3.967,4,,
6.265,3.727,4.037,4,,
6.27,3.73,4.033,4,,
6.275,3.752,4.005,4,,
6.28,3.73,4.03,4,,
6.285,3.718,4.043,4,,
6.29,3.748,4.005,4,,
6.295,3.765,3.985,4,,
6.3,3.727,4.03,4,,
6.305,3.739,4.015,4,,
6.31,3.772,3.975,4,,
6.315,3.776,3.972,4,,
6.32,3.723,4.035,4,,
6.325,3.722,4.035,4,,
6.33,3.744,4.008,4,,
6.335,3.735,4.017,4,,
6.34,3.721,4.033,4,,
6.345,3.747,4,4,,
6.35,3.769,3.975,4,,
6.355,3.727,4.025,4,,
6.36,3.743,4.005,4,,
6.365,3.773,3.97,4,,
6.37,3.779,3.965,4,,
6.375,3.72,4.035,4,,
6.38,3.716,4.037,4,,
6.385,3.742,4.005,4,,
6.39,3.736,4.012,4,,
6.395,3.716,4.035,4,,
6.4,3.748,3.995,4,,
6.405,3.775,3.965,4,,
6.41,3.725,4.025,4,,
6.415,3.736,4.01,4,,
6.42,3.77,3.97,4,,
6.425,3.776,3.965,4,,
6.43,3.717,4.035,4,,
6.435,3.722,4.027,4,,
6.44,3.747,3.997,4,,
6.445,3.73,4.017,4,,
6.45,3.714,4.035,4,,
6.455,3.749,3.993,4,,
6.46,3.751,3.99,4,,
6.465,3.717,4.03,4,,
6.47,3.733,4.01,4,,
6.475,3.767,3.97,4,,
6.48,3.77,3.967,4,,
6.485,3.722,4.025,4,,
6.49,3.728,4.017,4,,
6.495,3.746,3.995,4,,
6.5,3.734,4.01,4,,
6.505,3.718,4.027,4,,
6.51,3.743,3.997,4,,
6.515,3.749,3.99,4,,
6.52,3.713,4.033,4,,
6.525,3.722,4.02,4,,
6.53,3.762,3.972,4,,
6.535,3.772,3.963,4,,
6.54,3.731,4.012,4,,
6.545,3.732,4.01,4,,
6.55,3.76,3.977,4,,
6.555,3.742,4,4,,
6.56,3.714,4.033,4,,
6.565,3.736,4.005,4,,
6.57,3.748,3.99,4,,
6.575,3.699,4.047,4,,
6.58,3.706,4.037,4,,
6.585,3.758,3.975,4,,
6.59,3.77,3.963,4,,
6.595,3.731,4.01,4,,
6.6,3.749,3.988,4,,
6.605,3.78,3.952,4,,
6.61,3.744,3.997,4,,
6.615,3.722,4.023,4,,
6.62,3.743,3.997,4,,
6.625,3.754,3.985,4,,
6.63,3.688,4.062,4,,
6.635,3.7,4.045,4,,
6.64,3.747,3.988,4,,
6.645,3.746,3.99,4,,
6.65,3.727,4.012,4,,
6.655,3.754,3.98,4,,
6.66,3.779,3.952,4,,
6.665,3.74,4,4,,
6.67,3.744,3.995,4,,
6.675,3.753,3.985,4,,
6.68,3.75,3.99,4,,
6.685,3.696,4.053,4,,
6.69,3.7,4.045,4,,
6.695,3.732,4.005,4,,
6.7,3.739,3.997,4,,
6.705,3.722,4.017,4,,
6.71,3.749,3.985,4,,
6.715,3.771,3.96,4,,
6.72,3.734,4.005,4,,
6.725,3.743,3.995,4,,
6.73,3.758,3.977,4,,
6.735,3.77,3.965,4,,
6.74,3.715,4.03,4,,
6.745,3.71,4.035,4,,
6.75,3.747,3.99,4,,
6.755,3.73,4.01,4,,
6.76,3.71,4.033,4,,
6.765,3.737,4,4,,
6.77,3.756,3.977,4,,
6.775,3.707,4.035,4,,
6.78,3.723,4.015,4,,
6.785,3.763,3.967,4,,
6.79,3.771,3.96,4,,
6.795,3.724,4.017,4,,
6.8,3.736,4.003,4,,
6.805,3.77,3.963,4,,
6.81,3.729,4.012,4,,
6.815,3.715,4.027,4,,
6.82,3.738,4,4,,
6.825,3.742,3.995,4,,
6.83,3.686,4.06,4,,
6.835,3.705,4.035,4,,
6.84,3.744,3.988,4,,
6.845,3.745,3.988,4,,
6.85,3.726,4.01,4,,
6.855,3.751,3.98,4,,
6.86,3.785,3.943,4,,
6.865,3.738,4,4,,
6.87,3.738,4,4,,
6.875,3.755,3.98,4,,
6.88,3.754,3.983,4,,
6.885,3.692,4.055,4,,
6.89,3.702,4.04,4,,
6.895,3.729,4.008,4,,
6.9,3.732,4.003,4,,
6.905,3.719,4.017,4,,
6.91,3.747,3.985,4,,
6.915,3.762,3.967,4,,
6.92,3.723,4.015,4,,
6.925,3.727,4.01,4,,
6.93,3.763,3.967,4,,
6.935,3.773,3.957,4,,
6.94,3.725,4.015,4,,
6.945,3.725,4.015,4,,
6.95,3.756,3.977,4,,
6.955,3.732,4.008,4,,
6.96,3.703,4.04,4,,
6.965,3.736,4,4,,
6.97,3.744,3.99,4,,
6.975,3.689,4.055,4,,
6.98,3.697,4.043,4,,
6.985,3.742,3.988,4,,
6.99,3.741,3.99,4,,
6.995,3.711,4.025,4,,
7,3.742,3.988,4,,
7.005,3.773,3.952,4,,
7.01,3.728,4.008,4,,
7.015,3.736,3.997,4,,
7.02,3.758,3.972,4,,
7.025,3.755,3.977,4,,
7.03,3.693,4.05,4,,
7.035,3.697,4.043,4,,
7.04,3.732,4,4,,
7.045,3.717,4.017,4,,
7.05,3.701,4.035,4,,
7.055,3.732,3.997,4,,
7.06,3.745,3.983,4,,
7.065,3.7,4.035,4,,
7.07,3.718,4.012,4,,
7.075,3.754,3.97,4,,
7.08,3.762,3.963,4,,
7.085,3.725,4.008,4,,
7.09,3.731,4,4,,
7.095,3.761,3.965,4,,
7.1,3.726,4.008,4,,
7.105,3.707,4.03,4,,
7.11,3.718,4.015,4,,
7.115,3.732,3.997,4,,
7.12,3.683,4.055,4,,
7.125,3.685,4.05,4,,
7.13,3.723,4.003,4,,
7.135,3.732,3.993,4,,
7.14,3.706,4.023,4,,
7.145,3.727,3.997,4,,
7.15,3.763,3.955,4,,
7.155,3.716,4.012,4,,
7.16,3.72,4.008,4,,
7.165,3.749,3.972,4,,
7.17,3.757,3.965,4,,
7.175,3.696,4.037,4,,
7.18,3.703,4.027,4,,
7.185,3.732,3.993,4,,
7.19,3.711,4.017,4,,
7.195,3.693,4.037,4,,
7.2,3.721,4.003,4,,
7.205,3.728,3.995,4,,
7.21,3.676,4.055,4,,
7.215,3.693,4.033,4,,
7.22,3.734,3.983,4,,
7.225,3.735,3.983,4,,
7.23,3.708,4.015,4,,
7.235,3.744,3.972,4,,
7.24,3.762,3.952,4,,
7.245,3.717,4.008,4,,
7.25,3.721,4.003,4,,
7.255,3.738,3.983,4,,
7.26,3.731,3.993,4,,
7.265,3.677,4.055,4,,
7.27,3.69,4.037,4,,
7.275,3.718,4.003,4,,
7.28,3.709,4.012,4,,
7.285,3.694,4.03,4,,
7.29,3.72,3.997,4,,
7.295,3.733,3.983,4,,
7.3,3.689,4.035,4,,
7.305,3.7,4.02,4,,
7.31,3.734,3.98,4,,
7.315,3.747,3.965,4,,
7.32,3.717,4.003,4,,
7.325,3.73,3.988,4,,
7.33,3.771,3.94,4,,
7.335,3.737,3.983,4,,
7.34,3.719,4.005,4,,
7.345,3.751,3.967,4,,
7.35,3.759,3.96,4,,
7.355,3.694,4.037,4,,
7.36,3.688,4.043,4,,
7.365,3.725,3.997,4,,
7.37,3.714,4.01,4,,
7.375,3.69,4.037,4,,
7.38,3.718,4.003,4,,
7.385,3.735,3.983,4,,
7.39,3.682,4.045,4,,
7.395,3.687,4.037,4,,
7.4,3.732,3.983,4,,
7.405,3.735,3.98,4,,
7.41,3.702,4.02,4,,
7.415,3.731,3.985,4,,
7.42,3.755,3.957,4,,
7.425,3.71,4.012,4,,
7.43,3.72,4,4,,
7.435,3.746,3.97,4,,
7.44,3.745,3.972,4,,
7.445,3.688,4.04,4,,
7.45,3.687,4.04,4,,
7.455,3.721,3.997,4,,
7.46,3.704,4.017,4,,
7.465,3.684,4.04,4,,
7.47,3.716,4,4,,
7.475,3.721,3.995,4,,
7.48,3.676,4.047,4,,
7.485,3.691,4.027,4,,
7.49,3.726,3.985,4,,
7.495,3.729,3.983,4,,
7.5,3.708,4.008,4,,
7.505,3.731,3.98,4,,
7.51,3.754,3.955,4,,
7.515,3.713,4.005,4,,
7.52,3.715,4.003,4,,
7.525,3.73,3.985,4,,
7.53,3.741,3.972,4,,
7.535,3.689,4.035,4,,
7.54,3.694,4.027,4,,
7.545,3.714,4.003,4,,
7.55,3.709,4.008,4,,
7.555,3.685,4.035,4,,
7.56,3.71,4.005,4,,
7.565,3.722,3.99,4,,
7.57,3.673,4.047,4,,
7.575,3.671,4.047,4,,
7.58,3.722,3.985,4,,
7.585,3.728,3.98,4,,
7.59,3.698,4.015,4,,
7.595,3.721,3.988,4,,
7.6,3.754,3.95,4,,
7.605,3.707,4.008,4,,
7.61,3.711,4.003,4,,
7.615,3.741,3.967,4,,
7.62,3.745,3.965,4,,
7.625,3.686,4.035,4,,
7.63,3.697,4.02,4,,
7.635,3.733,3.977,4,,
7.64,3.708,4.008,4,,
7.645,3.686,4.033,4,,
7.65,3.713,4,4,,
7.655,3.724,3.988,4,,
7.66,3.666,4.055,4,,
7.665,3.681,4.035,4,,
7.67,3.718,3.99,4,,
7.675,3.71,4,4,,
7.68,3.69,4.023,4,,
7.685,3.726,3.98,4,,
7.69,3.744,3.96,4,,
7.695,3.696,4.017,4,,
7.7,3.711,4,4,,
7.705,3.741,3.965,4,,
7.71,3.745,3.963,4,,
7.715,3.703,4.012,4,,
7.72,3.713,4,4,,
7.725,3.735,3.975,4,,
7.73,3.715,4,4,,
7.735,3.702,4.015,4,,
7.74,3.718,3.995,4,,
7.745,3.723,3.99,4,,
7.75,3.676,4.045,4,,
7.755,3.678,4.04,4,,
7.76,3.715,3.995,4,,
7.765,3.713,3.997,4,,
7.77,3.689,4.025,4,,
7.775,3.714,3.995,4,,
7.78,3.736,3.97,4,,
7.785,3.686,4.03,4,,
7.79,3.697,4.015,4,,
7.795,3.737,3.967,4,,
7.8,3.752,3.952,4,,
7.805,3.713,4,4,,
7.81,3.72,3.993,4,,
7.815,3.767,3.938,4,,
7.82,3.721,3.995,4,,
7.825,3.702,4.017,4,,
7.83,3.727,3.988,4,,
7.835,3.738,3.975,4,,
7.84,3.677,4.047,4,,
7.845,3.683,4.037,4,,
7.85,3.722,3.99,4,,
7.855,3.708,4.008,4,,
7.86,3.683,4.035,4,,
7.865,3.721,3.99,4,,
7.87,3.732,3.977,4,,
7.875,3.677,4.043,4,,
7.88,3.688,4.027,4,,
7.885,3.734,3.972,4,,
7.89,3.733,3.975,4,,
7.895,3.708,4.005,4,,
7.9,3.736,3.972,4,,
7.905,3.757,3.95,4,,
7.91,3.718,3.997,4,,
7.915,3.716,4,4,,
7.92,3.74,3.972,4,,
7.925,3.739,3.975,4,,
7.93,3.682,4.043,4,,
7.935,3.693,4.027,4,,
7.94,3.726,3.988,4,,
7.945,3.712,4.005,4,,
7.95,3.696,4.023,4,,
7.955,3.721,3.993,4,,
7.96,3.73,3.983,4,,
7.965,3.684,4.037,4,,
7.97,3.693,4.025,4,,
7.975,3.728,3.983,4,,
7.98,3.737,3.972,4,,
7.985,3.711,4.005,4,,
7.99,3.728,3.985,4,,
7.995,3.765,3.943,4,,
8,3.723,3.995,4,,
8.005,3.719,4,4,,
8.01,3.74,3.975,4,,
8.015,3.752,3.963,4,,
8.02,3.691,4.035,4,,
8.025,3.69,4.035,4,,
8.03,3.723,3.995,4,,
8.035,3.716,4.003,4,,
8.04,3.688,4.035,4,,
8.045,3.721,3.995,4,,
8.05,3.734,3.98,4,,
8.055,3.683,4.04,4,,
8.06,3.694,4.025,4,,
8.065,3.741,3.97,4,,
8.07,3.74,3.972,4,,
8.075,3.711,4.008,4,,
8.08,3.734,3.98,4,,
8.085,3.765,3.945,4,,
8.09,3.721,4,4,,
8.095,3.723,3.997,4,,
8.1,3.745,3.972,4,,
8.105,3.744,3.975,4,,
8.11,3.687,4.043,4,,
8.115,3.695,4.03,4,,
8.12,3.726,3.993,4,,
8.125,3.714,4.008,4,,
8.13,3.698,4.025,4,,
8.135,3.721,3.997,4,,
8.14,3.738,3.977,4,,
8.145,3.692,4.033,4,,
8.15,3.701,4.02,4,,
8.155,3.741,3.972,4,,
8.16,3.751,3.963,4,,
8.165,3.718,4.003,4,,
8.17,3.74,3.977,4,,
8.175,3.771,3.943,4,,
8.18,3.729,3.995,4,,
8.185,3.714,4.012,4,,
8.19,3.728,3.995,4,,
8.195,3.739,3.983,4,,
8.2,3.68,4.053,4,,
8.205,3.688,4.04,4,,
8.21,3.723,3.997,4,,
8.215,3.727,3.993,4,,
8.22,3.704,4.02,4,,
8.225,3.731,3.988,4,,
8.23,3.757,3.957,4,,
8.235,3.71,4.015,4,,
8.24,3.715,4.008,4,,
8.245,3.756,3.96,4,,
8.25,3.762,3.955,4,,
8.255,3.713,4.015,4,,
8.26,3.716,4.01,4,,
8.265,3.748,3.972,4,,
8.27,3.726,4,4,,
8.275,3.698,4.033,4,,
8.28,3.731,3.993,4,,
8.285,3.729,3.995,4,,
8.29,3.682,4.05,4,,
8.295,3.69,4.037,4,,
8.3,3.738,3.98,4,,
8.305,3.741,3.977,4,,
8.31,3.718,4.005,4,,
8.315,3.748,3.97,4,,
8.32,3.769,3.947,4,,
8.325,3.731,3.995,4,,
8.33,3.735,3.99,4,,
8.335,3.751,3.972,4,,
8.34,3.739,3.988,4,,
8.345,3.695,4.04,4,,
8.35,3.701,4.03,4,,
8.355,3.728,3.997,4,,
8.36,3.726,4,4,,
8.365,3.709,4.02,4,,
8.37,3.736,3.988,4,,
8.375,3.753,3.967,4,,
8.38,3.71,4.02,4,,
8.385,3.728,3.997,4,,
8.39,3.756,3.965,4,,
8.395,3.769,3.952,4,,
8.4,3.721,4.01,4,,
8.405,3.725,4.005,4,,
8.41,3.762,3.963,4,,
8.415,3.738,3.993,4,,
8.42,3.714,4.02,4,,
8.425,3.728,4.003,4,,
8.43,3.743,3.985,4,,
8.435,3.692,4.045,4,,
8.44,3.699,4.035,4,,
8.445,3.745,3.98,4,,
8.45,3.75,3.975,4,,
8.455,3.723,4.008,4,,
8.46,3.751,3.975,4,,
8.465,3.784,3.938,4,,
8.47,3.738,3.995,4,,
8.475,3.727,4.008,4,,
8.48,3.744,3.988,4,,
8.485,3.732,4.003,4,,
8.49,3.645,4.102,4,,
8.495,3.638,4.105,4,,
8.5,3.67,4.062,4,,
8.505,3.663,4.068,4,,
8.51,3.584,4.155,4,,
8.515,3.544,4.193,4,,
8.52,3.567,4.155,4,,
8.525,3.573,4.14,4,,
8.53,3.473,4.247,4,,
8.535,3.459,4.25,4,,
8.54,3.493,4.198,4,,
8.545,3.455,4.23,4,,
8.55,3.407,4.273,4,,
8.555,3.371,4.3,4,,
8.56,3.384,4.267,4,,
8.565,3.387,4.25,4,,
8.57,3.34,4.29,4,,
8.575,3.309,4.31,4,,
8.58,3.27,4.338,4,,
8.585,3.321,4.26,4,,
8.59,3.276,4.298,4,,
8.595,3.253,4.307,4,,
8.6,3.202,4.35,4,,
8.605,3.226,4.302,4,,
8.61,3.205,4.31,4,,
8.615,3.229,4.265,4,,
8.62,3.132,4.363,4,,
8.625,3.162,4.307,4,,
8.63,3.156,4.298,4,,
8.635,3.185,4.247,4,,
8.64,3.121,4.307,4,,
8.645,3.104,4.31,4,,
8.65,3.077,4.325,4,,
8.655,3.11,4.267,4,,
8.66,3.113,4.25,4,,
8.665,3.045,4.315,4,,
8.67,3.06,4.28,4,,
8.675,3.053,4.273,4,,
8.68,3.091,4.212,4,,
8.685,3.025,4.278,4,,
8.69,3.02,4.267,4,,
8.695,2.999,4.278,4,,
8.7,3.035,4.22,4,,
8.705,3.044,4.198,4,,
8.71,2.955,4.29,4,,
8.715,2.997,4.225,4,,
8.72,2.999,4.21,4,,
8.725,3.004,4.193,4,,
8.73,2.988,4.2,4,,
8.735,2.946,4.238,4,,
8.74,2.974,4.193,4,,
8.745,3.001,4.15,4,,
8.75,2.953,4.198,4,,
8.755,2.939,4.202,4,,
8.76,2.94,4.19,4,,
8.765,2.948,4.17,4,,
8.77,2.962,4.145,4,,
8.775,2.927,4.177,4,,
8.78,2.903,4.195,4,,
8.785,2.943,4.137,4,,
8.79,2.973,4.095,4,,
8.795,2.9,4.175,4,,
8.8,2.883,4.185,4,,
8.805,2.943,4.105,4,,
8.81,2.955,4.085,4,,
8.815,2.874,4.175,4,,
8.82,2.876,4.162,4,,
8.825,2.939,4.08,4,,
8.83,2.953,4.06,4,,
8.835,2.87,4.153,4,,
8.84,2.867,4.148,4,,
8.845,2.931,4.065,4,,
8.85,2.943,4.047,4,,
8.855,2.867,4.133,4,,
8.86,2.861,4.133,4,,
8.865,2.913,4.065,4,,
8.87,2.927,4.045,4,,
8.875,2.886,4.09,4,,
8.88,2.877,4.095,4,,
8.885,2.901,4.062,4,,
8.89,2.898,4.062,4,,
8.895,2.886,4.072,4,,
8.9,2.907,4.045,4,,
8.905,2.919,4.027,4,,
8.91,2.888,4.062,4,,
8.915,2.861,4.09,4,,
8.92,2.9,4.04,4,,
8.925,2.933,4,4,,
8.93,2.898,4.04,4,,
8.935,2.885,4.053,4,,
8.94,2.894,4.04,4,,
8.945,2.905,4.025,4,,
8.95,2.85,4.088,4,,
8.955,2.871,4.057,4,,
8.96,2.925,3.993,4,,
8.965,2.931,3.985,4,,
8.97,2.863,4.065,4,,
8.975,2.862,4.062,4,,
8.98,2.894,4.023,4,,
8.985,2.89,4.025,4,,
8.99,2.868,4.05,4,,
8.995,2.906,4.003,4,,
9,2.932,3.972,4,,
9.005,2.901,4.01,4,,
9.01,2.883,4.03,4,,
9.015,2.897,4.012,4,,
9.02,2.903,4.005,4,,
9.025,2.849,4.068,4,,
9.03,2.863,4.047,4,,
9.035,2.914,3.985,4,,
9.04,2.926,3.972,4,,
9.045,2.89,4.015,4,,
9.05,2.892,4.012,4,,
9.055,2.911,3.99,4,,
9.06,2.89,4.015,4,,
9.065,2.865,4.043,4,,
9.07,2.887,4.015,4,,
9.075,2.914,3.983,4,,
9.08,2.87,4.035,4,,
9.085,2.881,4.02,4,,
9.09,2.925,3.967,4,,
9.095,2.938,3.955,4,,
9.1,2.877,4.027,4,,
9.105,2.872,4.033,4,,
9.11,2.898,4,4,,
9.115,2.892,4.008,4,,
9.12,2.861,4.043,4,,
9.125,2.896,4,4,,
9.13,2.928,3.963,4,,
9.135,2.882,4.017,4,,
9.14,2.892,4.005,4,,
9.145,2.929,3.963,4,,
9.15,2.933,3.96,4,,
9.155,2.868,4.037,4,,
9.16,2.866,4.037,4,,
9.165,2.894,4.003,4,,
9.17,2.888,4.01,4,,
9.175,2.866,4.035,4,,
9.18,2.905,3.988,4,,
9.185,2.927,3.963,4,,
9.19,2.89,4.008,4,,
9.195,2.898,3.997,4,,
9.2,2.922,3.97,4,,
9.205,2.93,3.963,4,,
9.21,2.863,4.043,4,,
9.215,2.861,4.043,4,,
9.22,2.889,4.008,4,,
9.225,2.889,4.008,4,,
9.23,2.871,4.027,4,,
9.235,2.898,3.995,4,,
9.24,2.93,3.957,4,,
9.245,2.896,4,4,,
9.25,2.894,4.003,4,,
9.255,2.926,3.965,4,,
9.26,2.927,3.965,4,,
9.265,2.865,4.04,4,,
9.27,2.858,4.045,4,,
9.275,2.893,4.003,4,,
9.28,2.89,4.005,4,,
9.285,2.867,4.033,4,,
9.29,2.902,3.99,4,,
9.295,2.93,3.957,4,,
9.3,2.887,4.01,4,,
9.305,2.891,4.005,4,,
9.31,2.921,3.97,4,,
9.315,2.924,3.967,4,,
9.32,2.855,4.05,4,,
9.325,2.859,4.043,4,,
9.33,2.891,4.003,4,,
9.335,2.885,4.01,4,,
9.34,2.86,4.037,4,,
9.345,2.904,3.985,4,,
9.35,2.926,3.96,4,,
9.355,2.887,4.008,4,,
9.36,2.898,3.995,4,,
9.365,2.928,3.96,4,,
9.37,2.928,3.963,4,,
9.375,2.865,4.037,4,,
9.38,2.865,4.035,4,,
9.385,2.892,4.003,4,,
9.39,2.883,4.012,4,,
9.395,2.865,4.033,4,,
9.4,2.896,3.995,4,,
9.405,2.915,3.972,4,,
9.41,2.876,4.02,4,,
9.415,2.888,4.005,4,,
9.42,2.926,3.96,4,,
9.425,2.935,3.952,4,,
9.43,2.877,4.023,4,,
9.435,2.88,4.017,4,,
9.44,2.918,3.972,4,,
9.445,2.9,3.995,4,,
9.45,2.876,4.023,4,,
9.455,2.907,3.985,4,,
9.46,2.925,3.965,4,,
9.465,2.86,4.043,4,,
9.47,2.873,4.025,4,,
9.475,2.92,3.97,4,,
9.48,2.921,3.97,4,,
9.485,2.886,4.012,4,,
9.49,2.92,3.972,4,,
9.495,2.947,3.943,4,,
9.5,2.902,3.997,4,,
9.505,2.896,4.005,4,,
9.51,2.919,3.977,4,,
9.515,2.92,3.977,4,,
9.52,2.861,4.047,4,,
9.525,2.861,4.045,4,,
9.53,2.9,3.997,4,,
9.535,2.891,4.008,4,,
9.54,2.872,4.03,4,,
9.545,2.905,3.99,4,,
9.55,2.931,3.96,4,,
9.555,2.888,4.012,4,,
9.56,2.904,3.993,4,,
9.565,2.924,3.97,4,,
9.57,2.928,3.967,4,,
9.575,2.867,4.04,4,,
9.58,2.869,4.035,4,,
9.585,2.902,3.995,4,,
9.59,2.889,4.01,4,,
9.595,2.867,4.035,4,,
9.6,2.896,4,4,,
9.605,2.919,3.972,4,,
9.61,2.873,4.027,4,,
9.615,2.889,4.008,4,,
9.62,2.93,3.96,4,,
9.625,2.942,3.947,4,,
9.63,2.893,4.008,4,,
9.635,2.899,4,4,,
9.64,2.942,3.95,4,,
9.645,2.902,4,4,,
9.65,2.878,4.027,4,,
9.655,2.896,4.005,4,,
9.66,2.913,3.985,4,,
9.665,2.856,4.053,4,,
9.67,2.866,4.037,4,,
9.675,2.914,3.98,4,,
9.68,2.915,3.98,4,,
9.685,2.886,4.015,4,,
9.69,2.911,3.985,4,,
9.695,2.954,3.935,4,,
9.7,2.899,4.003,4,,
9.705,2.906,3.995,4,,
9.71,2.947,3.947,4,,
9.715,2.954,3.943,4,,
9.72,2.885,4.025,4,,
9.725,2.891,4.017,4,,
9.73,2.92,3.983,4,,
9.735,2.904,4.003,4,,
9.74,2.884,4.025,4,,
9.745,2.913,3.99,4,,
9.75,2.927,3.975,4,,
9.755,2.874,4.037,4,,
9.76,2.889,4.017,4,,
9.765,2.929,3.97,4,,
9.77,2.931,3.97,4,,
9.775,2.906,4,4,,
9.78,2.928,3.975,4,,
9.785,2.961,3.938,4,,
9.79,2.915,3.995,4,,
9.795,2.915,3.995,4,,
9.8,2.948,3.957,4,,
9.805,2.963,3.943,4,,
9.81,2.903,4.015,4,,
9.815,2.902,4.015,4,,
9.82,2.942,3.967,4,,
9.825,2.92,3.995,4,,
9.83,2.888,4.033,4,,
9.835,2.919,3.995,4,,
9.84,2.936,3.975,4,,
9.845,2.88,4.043,4,,
9.85,2.882,4.037,4,,
9.855,2.93,3.98,4,,
9.86,2.935,3.975,4,,
9.865,2.906,4.01,4,,
9.87,2.929,3.983,4,,
9.875,2.967,3.94,4,,
9.88,2.911,4.008,4,,
9.885,2.913,4.005,4,,
9.89,2.943,3.97,4,,
9.895,2.951,3.963,4,,
9.9,2.879,4.047,4,,
9.905,2.886,4.037,4,,
9.91,2.916,4,4,,
9.915,2.899,4.02,4,,
9.92,2.879,4.043,4,,
9.925,2.909,4.005,4,,
9.93,2.926,3.985,4,,
9.935,2.877,4.043,4,,
9.94,2.888,4.027,4,,
9.945,2.932,3.975,4,,
9.95,2.937,3.97,4,,
9.955,2.894,4.023,4,,
9.96,2.905,4.008,4,,
9.965,2.931,3.977,4,,
9.97,2.9,4.015,4,,
9.975,2.89,4.025,4,,
9.98,2.906,4.005,4,,
9.985,2.913,3.997,4,,
9.99,2.861,4.057,4,,
9.995,2.865,4.05,4,,
10,2.908,3.997,4,,
10.005,2.914,3.99,4,,
10.01,2.889,4.02,4,,
10.015,2.912,3.993,4,,
10.02,2.938,3.963,4,,
10.025,2.903,4.005,4,,
10.03,2.894,4.015,4,,
10.035,2.913,3.993,4,,
10.04,2.926,3.977,4,,
10.045,2.858,4.057,4,,
10.05,2.86,4.053,4,,
10.055,2.9,4.003,4,,
10.06,2.896,4.008,4,,
10.065,2.872,4.035,4,,
