=~=~=~=~=~=~=~=~=~=~=~= PuTTY log 2021.08.26 15:24:21 =~=~=~=~=~=~=~=~=~=~=~=,,,,,
,,,,,
Tiempo ,CONTROL,VELOCIDA,REFERENC,,
,,,,,
-0.1,0,0,0,,Sobre Impulso
-0.095,0,0,0,,4.44500
-0.09,0,0,0,,Promedio
-0.085,0,0,0,,4.001850746
-0.08,0,0,0,,Mediana:
-0.075,0,0,0,,4.0030
-0.07,0,0,0,,Sobreimpulso %
-0.065,0,0,0,,11.074
-0.06,0,0,0,,
-0.055,0,0,0,,Perturbación
-0.05,0,0,0,,Tiempo:
-0.045,0,0,0,,1.295
-0.04,0,0,0,,Valor mínimo
-0.035,0,0,0,,2.968
-0.03,0,0,0,,Porcentaje
-0.025,0,0,0,,25.83431547
-0.02,0,0,0,,
-0.015,0,0,0,,
-0.01,0,0,0,,
-0.005,0,0,0,,
0,-0.011,0.012,0,,
0.005,-0.018,0.02,0,,
0.01,-0.021,0.022,0,,
0.015,-0.022,0.022,0,,
0.02,-0.021,0.02,0,,
0.025,-0.022,0.02,0,,
0.03,-0.025,0.022,0,,
0.035,-0.026,0.022,0,,
0.04,-0.025,0.02,0,,
0.045,-0.026,0.02,0,,
0.05,-0.027,0.02,0,,
0.055,-0.028,0.02,0,,
0.06,-0.029,0.02,0,,
0.065,-0.03,0.02,0,,
0.07,-0.031,0.02,0,,
0.075,-0.032,0.02,0,,
0.08,-0.033,0.02,0,,
0.085,-0.034,0.02,0,,
0.09,-0.035,0.02,0,,
0.095,-0.038,0.022,0,,
0.1,-0.037,0.02,0,,
0.105,-0.038,0.02,0,,
0.11,-0.036,0.018,0,,
0.115,-0.039,0.02,0,,
0.12,-0.038,0.018,0,,
0.125,-0.041,0.02,0,,
0.13,-0.042,0.02,0,,
0.135,-0.043,0.02,0,,
0.14,-0.042,0.018,0,,
0.145,-0.045,0.02,0,,
0.15,-0.046,0.02,0,,
0.155,-0.047,0.02,0,,
0.16,-0.046,0.018,0,,
0.165,-0.047,0.018,0,,
0.17,-0.047,0.018,0,,
0.175,-0.048,0.018,0,,
0.18,-0.049,0.018,0,,
0.185,-0.052,0.02,0,,
0.19,-0.051,0.018,0,,
0.195,-0.052,0.018,0,,
0.2,-0.053,0.018,0,,
0.205,-0.053,0.018,0,,
0.21,-0.052,0.015,0,,
0.215,-0.053,0.015,0,,
0.22,-0.056,0.018,0,,
0.225,-0.056,0.018,0,,
0.23,-0.057,0.018,0,,
0.235,-0.056,0.015,0,,
0.24,-0.057,0.015,0,,
0.245,-0.057,0.015,0,,
0.25,-0.058,0.015,0,,
0.255,-0.059,0.015,0,,
0.26,-0.06,0.015,0,,
0.265,-0.06,0.015,0,,
0.27,-0.063,0.018,0,,
0.275,-0.062,0.015,0,,
0.28,-0.063,0.015,0,,
0.285,-0.061,0.012,0,,
0.29,-0.062,0.012,0,,
0.295,-0.065,0.015,0,,
0.3,-0.065,0.015,0,,
0.305,-0.066,0.015,0,,
0.31,-0.065,0.012,0,,
0.315,-0.065,0.012,0,,
0.32,-0.066,0.012,0,,
0.325,-0.064,0.01,0,,
0.33,-0.067,0.012,0,,
0.335,-0.07,0.015,0,,
0.34,-0.068,0.012,0,,
0.345,-0.067,0.01,0,,
0.35,-0.069,0.012,0,,
0.355,-0.068,0.01,0,,
0.36,-0.068,0.01,0,,
0.365,-0.071,0.012,0,,
0.37,-0.069,0.01,0,,
0.375,-0.07,0.01,0,,
0.38,-0.07,0.01,0,,
0.385,-0.069,0.008,0,,
0.39,-0.071,0.01,0,,
0.395,-0.071,0.01,0,,
0.4,-0.072,0.01,0,,
0.405,-0.072,0.01,0,,
0.41,-0.075,0.012,0,,
0.415,-0.074,0.01,0,,
0.42,-0.074,0.01,0,,
0.425,-0.074,0.01,0,,
0.43,-0.075,0.01,0,,
0.435,-0.075,0.01,0,,
0.44,-0.074,0.008,0,,
0.445,-0.076,0.01,0,,
0.45,-0.077,0.01,0,,
0.455,-0.075,0.008,0,,
0.46,-0.078,0.01,0,,
0.465,-0.078,0.01,0,,
0.47,-0.076,0.008,0,,
0.475,-0.077,0.008,0,,
0.48,-0.077,0.008,0,,
0.485,-0.078,0.008,0,,
0.49,-0.078,0.008,0,,
0.495,-0.076,0.005,0,,
0.5,-0.078,0.008,0,,
0.505,-0.079,0.008,0,,
0.51,-0.079,0.008,0,,
0.515,-0.077,0.005,0,,
0.52,-0.08,0.008,0,,
0.525,-0.078,0.005,0,,
0.53,-0.078,0.005,0,,
0.535,-0.078,0.005,0,,
0.54,-0.079,0.005,0,,
0.545,-0.079,0.005,0,,
0.55,-0.079,0.005,0,,
0.555,-0.079,0.005,0,,
0.56,-0.08,0.005,0,,
0.565,-0.08,0.005,0,,
0.57,-0.078,0.003,0,,
0.575,-0.08,0.005,0,,
0.58,-0.081,0.005,0,,
0.585,-0.081,0.005,0,,
0.59,-0.081,0.005,0,,
0.595,-0.079,0.003,0,,
0.6,-0.084,0.008,0,,
0.605,-0.082,0.005,0,,
0.61,-0.08,0.003,0,,
0.615,-0.082,0.005,0,,
0.62,-0.082,0.005,0,,
0.625,-0.08,0.003,0,,
0.63,-0.081,0.003,0,,
0.635,-0.081,0.003,0,,
0.64,-0.083,0.005,0,,
0.645,-0.081,0.003,0,,
0.65,-0.081,0.003,0,,
0.655,-0.083,0.005,0,,
0.66,-0.081,0.003,0,,
0.665,-0.079,0,0,,
0.67,-0.079,0,0,,
0.675,-0.084,0.005,0,,
0.68,-0.082,0.003,0,,
0.685,-0.082,0.003,0,,
0.69,-0.082,0.003,0,,
0.695,-0.082,0.003,0,,
0.7,-0.082,0.003,0,,
0.705,-0.08,0,0,,
0.71,-0.08,0,0,,
0.715,-0.082,0.003,0,,
0.72,-0.08,0,0,,
0.725,-0.083,0.003,0,,
0.73,-0.081,0,0,,
0.735,-0.083,0.003,0,,
0.74,-0.083,0.003,0,,
0.745,-0.081,0,0,,
0.75,-0.081,0,0,,
0.755,-0.083,0.003,0,,
0.76,-0.081,0,0,,
0.765,-0.081,0,0,,
0.77,-0.083,0.003,0,,
0.775,-0.081,0,0,,
0.78,-0.081,0,0,,
0.785,-0.081,0,0,,
0.79,-0.081,0,0,,
0.795,-0.081,0,0,,
0.8,-0.081,0,0,,
0.805,-0.081,0,0,,
0.81,-0.081,0,0,,
0.815,-0.081,0,0,,
0.82,-0.079,-0.003,0,,
0.825,-0.083,0.003,0,,
0.83,-0.081,0,0,,
0.835,-0.079,-0.003,0,,
0.84,-0.079,-0.003,0,,
0.845,-0.081,0,0,,
0.85,-0.079,-0.003,0,,
0.855,-0.078,-0.003,0,,
0.86,-0.081,0,0,,
0.865,-0.081,0,0,,
0.87,-0.081,0,0,,
0.875,-0.081,0,0,,
0.88,-0.081,0,0,,
0.885,-0.081,0,0,,
0.89,-0.081,0,0,,
0.895,-0.078,-0.003,0,,
0.9,-0.078,-0.003,0,,
0.905,-0.08,0,0,,
0.91,-0.078,-0.003,0,,
0.915,-0.078,-0.003,0,,
0.92,-0.08,0,0,,
0.925,-0.08,0,0,,
0.93,-0.08,0,0,,
0.935,-0.078,-0.003,0,,
0.94,-0.078,-0.003,0,,
0.945,-0.08,0,0,,
0.95,-0.075,-0.005,0,,
0.955,-0.077,-0.003,0,,
0.96,-0.079,0,0,,
0.965,-0.079,0,0,,
0.97,-0.077,-0.003,0,,
0.975,-0.079,0,0,,
0.98,-0.079,0,0,,
0.985,-0.077,-0.003,0,,
0.99,-0.077,-0.003,0,,
0.995,-0.079,0,0,,
1,3.367,0,4,,
1.005,3.23,0.382,4,,
1.01,3.104,0.73,4,,
1.015,3.022,1.007,4,,
1.02,2.989,1.213,4,,
1.025,2.961,1.4,4,,
1.03,2.974,1.53,4,,
1.035,2.972,1.67,4,,
1.04,2.972,1.8,4,,
1.045,3.043,1.84,4,,
1.05,3.028,1.977,4,,
1.055,3.048,2.068,4,,
1.06,3.069,2.15,4,,
1.065,3.074,2.247,4,,
1.07,3.117,2.295,4,,
1.075,3.104,2.405,4,,
1.08,3.125,2.47,4,,
1.085,3.14,2.537,4,,
1.09,3.126,2.635,4,,
1.095,3.198,2.628,4,,
1.1,3.15,2.76,4,,
1.105,3.222,2.745,4,,
1.11,3.153,2.895,4,,
1.115,3.224,2.875,4,,
1.12,3.207,2.957,4,,
1.125,3.211,3.01,4,,
1.13,3.203,3.075,4,,
1.135,3.187,3.145,4,,
1.14,3.232,3.14,4,,
1.145,3.198,3.227,4,,
1.15,3.235,3.227,4,,
1.155,3.216,3.293,4,,
1.16,3.255,3.288,4,,
1.165,3.265,3.315,4,,
1.17,3.201,3.428,4,,
1.175,3.25,3.402,4,,
1.18,3.231,3.457,4,,
1.185,3.199,3.525,4,,
1.19,3.254,3.487,4,,
1.195,3.182,3.6,4,,
1.2,3.225,3.572,4,,
1.205,3.246,3.572,4,,
1.21,3.176,3.677,4,,
1.215,3.23,3.632,4,,
1.22,3.228,3.655,4,,
1.225,3.161,3.753,4,,
1.23,3.203,3.717,4,,
1.235,3.24,3.69,4,,
1.24,3.151,3.81,4,,
1.245,3.156,3.815,4,,
1.25,3.204,3.77,4,,
1.255,3.189,3.8,4,,
1.26,3.184,3.817,4,,
1.265,3.207,3.8,4,,
1.27,3.189,3.832,4,,
1.275,3.145,3.893,4,,
1.28,3.166,3.875,4,,
1.285,3.174,3.872,4,,
1.29,3.107,3.957,4,,
1.295,3.117,3.947,4,,
1.3,3.152,3.91,4,,
1.305,3.135,3.935,4,,
1.31,3.108,3.97,4,,
1.315,3.144,3.93,4,,
1.32,3.149,3.928,4,,
1.325,3.095,3.995,4,,
1.33,3.11,3.977,4,,
1.335,3.15,3.932,4,,
1.34,3.151,3.935,4,,
1.345,3.1,3.997,4,,
1.35,3.107,3.99,4,,
1.355,3.137,3.955,4,,
1.36,3.09,4.012,4,,
1.365,3.07,4.035,4,,
1.37,3.094,4.005,4,,
1.375,3.107,3.99,4,,
1.38,3.062,4.043,4,,
1.385,3.082,4.017,4,,
1.39,3.109,3.985,4,,
1.395,3.105,3.99,4,,
1.4,3.03,4.078,4,,
1.405,3.029,4.075,4,,
1.41,3.073,4.02,4,,
1.415,3.078,4.012,4,,
1.42,3.045,4.05,4,,
1.425,3.06,4.03,4,,
1.43,3.074,4.012,4,,
1.435,3.036,4.055,4,,
1.44,3.008,4.085,4,,
1.445,3.043,4.04,4,,
1.45,3.082,3.993,4,,
1.455,3.032,4.05,4,,
1.46,3.026,4.055,4,,
1.465,3.047,4.027,4,,
1.47,3.039,4.035,4,,
1.475,2.986,4.095,4,,
1.48,3.018,4.053,4,,
1.485,3.058,4.003,4,,
1.49,3.047,4.015,4,,
1.495,2.973,4.1,4,,
1.5,2.973,4.095,4,,
1.505,3.016,4.04,4,,
1.51,3.029,4.023,4,,
1.515,2.998,4.057,4,,
1.52,2.997,4.055,4,,
1.525,3.007,4.04,4,,
1.53,2.988,4.06,4,,
1.535,2.966,4.082,4,,
1.54,3.005,4.033,4,,
1.545,3.047,3.983,4,,
1.55,2.998,4.04,4,,
1.555,2.966,4.075,4,,
1.56,2.99,4.043,4,,
1.565,3.003,4.025,4,,
1.57,2.952,4.082,4,,
1.575,2.983,4.043,4,,
1.58,3.02,3.997,4,,
1.585,3.005,4.015,4,,
1.59,2.924,4.108,4,,
1.595,2.934,4.09,4,,
1.6,2.992,4.017,4,,
1.605,2.994,4.015,4,,
1.61,2.963,4.05,4,,
1.615,2.967,4.043,4,,
1.62,2.98,4.025,4,,
1.625,2.953,4.055,4,,
1.63,2.942,4.065,4,,
1.635,2.971,4.027,4,,
1.64,3.008,3.983,4,,
1.645,2.962,4.037,4,,
1.65,2.949,4.05,4,,
1.655,2.97,4.023,4,,
1.66,2.969,4.023,4,,
1.665,2.91,4.09,4,,
1.67,2.934,4.057,4,,
1.675,2.987,3.993,4,,
1.68,3.002,3.975,4,,
1.685,2.928,4.062,4,,
1.69,2.93,4.057,4,,
1.695,2.959,4.02,4,,
1.7,2.943,4.037,4,,
1.705,2.913,4.07,4,,
1.71,2.962,4.01,4,,
1.715,2.993,3.972,4,,
1.72,2.945,4.03,4,,
1.725,2.942,4.033,4,,
1.73,2.964,4.005,4,,
1.735,2.959,4.01,4,,
1.74,2.898,4.08,4,,
1.745,2.914,4.057,4,,
1.75,2.969,3.99,4,,
1.755,2.978,3.98,4,,
1.76,2.932,4.035,4,,
1.765,2.933,4.033,4,,
1.77,2.957,4.003,4,,
1.775,2.937,4.025,4,,
1.78,2.906,4.06,4,,
1.785,2.942,4.015,4,,
1.79,2.969,3.983,4,,
1.795,2.925,4.035,4,,
1.8,2.938,4.017,4,,
1.805,2.967,3.983,4,,
1.81,2.968,3.983,4,,
1.815,2.9,4.062,4,,
1.82,2.901,4.057,4,,
1.825,2.938,4.012,4,,
1.83,2.946,4.003,4,,
1.835,2.915,4.037,4,,
1.84,2.948,3.997,4,,
1.845,2.989,3.95,4,,
1.85,2.94,4.01,4,,
1.855,2.92,4.033,4,,
1.86,2.948,3.997,4,,
1.865,2.951,3.995,4,,
1.87,2.888,4.068,4,,
1.875,2.894,4.057,4,,
1.88,2.951,3.988,4,,
1.885,2.956,3.983,4,,
1.89,2.925,4.02,4,,
1.895,2.943,3.997,4,,
1.9,2.98,3.955,4,,
1.905,2.928,4.017,4,,
1.91,2.902,4.047,4,,
1.915,2.929,4.012,4,,
1.92,2.942,3.997,4,,
1.925,2.89,4.057,4,,
1.93,2.911,4.03,4,,
1.935,2.953,3.98,4,,
1.94,2.967,3.965,4,,
1.945,2.925,4.015,4,,
1.95,2.933,4.005,4,,
1.955,2.965,3.967,4,,
1.96,2.93,4.01,4,,
1.965,2.902,4.043,4,,
1.97,2.926,4.012,4,,
1.975,2.944,3.99,4,,
1.98,2.895,4.047,4,,
1.985,2.91,4.027,4,,
1.99,2.954,3.975,4,,
1.995,2.97,3.957,4,,
2,2.923,4.015,4,,
2.005,2.924,4.012,4,,
2.01,2.965,3.965,4,,
2.015,2.928,4.01,4,,
2.02,2.897,4.045,4,,
2.025,2.923,4.012,4,,
2.03,2.946,3.985,4,,
2.035,2.886,4.055,4,,
2.04,2.909,4.025,4,,
2.045,2.96,3.965,4,,
2.05,2.964,3.963,4,,
2.055,2.918,4.017,4,,
2.06,2.926,4.008,4,,
2.065,2.962,3.965,4,,
2.07,2.919,4.017,4,,
2.075,2.896,4.043,4,,
2.08,2.927,4.005,4,,
2.085,2.946,3.983,4,,
2.09,2.893,4.045,4,,
2.095,2.914,4.017,4,,
2.1,2.95,3.975,4,,
2.105,2.958,3.967,4,,
2.11,2.92,4.012,4,,
2.115,2.933,3.997,4,,
2.12,2.961,3.965,4,,
2.125,2.92,4.015,4,,
2.13,2.899,4.037,4,,
2.135,2.926,4.005,4,,
2.14,2.932,3.997,4,,
2.145,2.885,4.053,4,,
2.15,2.901,4.03,4,,
2.155,2.945,3.977,4,,
2.16,2.955,3.967,4,,
2.165,2.913,4.017,4,,
2.17,2.921,4.008,4,,
2.175,2.96,3.963,4,,
2.18,2.918,4.012,4,,
2.185,2.892,4.043,4,,
2.19,2.922,4.005,4,,
2.195,2.935,3.99,4,,
2.2,2.879,4.055,4,,
2.205,2.896,4.033,4,,
2.21,2.946,3.972,4,,
2.215,2.954,3.965,4,,
2.22,2.908,4.02,4,,
2.225,2.916,4.01,4,,
2.23,2.959,3.96,4,,
2.235,2.917,4.01,4,,
2.24,2.893,4.037,4,,
2.245,2.922,4.003,4,,
2.25,2.932,3.99,4,,
2.255,2.874,4.057,4,,
2.26,2.898,4.027,4,,
2.265,2.946,3.97,4,,
2.27,2.949,3.967,4,,
2.275,2.914,4.01,4,,
2.28,2.922,4,4,,
2.285,2.959,3.957,4,,
2.29,2.916,4.01,4,,
2.295,2.896,4.033,4,,
2.3,2.916,4.008,4,,
2.305,2.922,4,4,,
2.31,2.875,4.055,4,,
2.315,2.891,4.033,4,,
2.32,2.929,3.988,4,,
2.325,2.951,3.963,4,,
2.33,2.905,4.017,4,,
2.335,2.915,4.005,4,,
2.34,2.954,3.96,4,,
2.345,2.919,4.003,4,,
2.35,2.891,4.035,4,,
2.355,2.913,4.008,4,,
2.36,2.93,3.988,4,,
2.365,2.872,4.055,4,,
2.37,2.885,4.037,4,,
2.375,2.935,3.977,4,,
2.38,2.946,3.965,4,,
2.385,2.903,4.017,4,,
2.39,2.917,4,4,,
2.395,2.962,3.947,4,,
2.4,2.913,4.008,4,,
2.405,2.887,4.037,4,,
2.41,2.915,4.003,4,,
2.415,2.922,3.995,4,,
2.42,2.87,4.055,4,,
2.425,2.889,4.03,4,,
2.43,2.935,3.975,4,,
2.435,2.941,3.97,4,,
2.44,2.905,4.012,4,,
2.445,2.924,3.99,4,,
2.45,2.957,3.952,4,,
2.455,2.912,4.008,4,,
2.46,2.886,4.037,4,,
2.465,2.914,4.003,4,,
2.47,2.92,3.995,4,,
2.475,2.871,4.053,4,,
2.48,2.886,4.033,4,,
2.485,2.929,3.98,4,,
2.49,2.943,3.965,4,,
2.495,2.906,4.01,4,,
2.5,2.914,4,4,,
2.505,2.955,3.952,4,,
2.51,2.917,4,4,,
2.515,2.884,4.037,4,,
2.52,2.91,4.005,4,,
2.525,2.923,3.99,4,,
2.53,2.87,4.053,4,,
2.535,2.885,4.033,4,,
2.54,2.932,3.975,4,,
2.545,2.942,3.965,4,,
2.55,2.903,4.012,4,,
2.555,2.922,3.99,4,,
2.56,2.957,3.95,4,,
2.565,2.908,4.01,4,,
2.57,2.881,4.04,4,,
2.575,2.912,4.003,4,,
2.58,2.924,3.988,4,,
2.585,2.867,4.055,4,,
2.59,2.89,4.025,4,,
2.595,2.934,3.972,4,,
2.6,2.946,3.96,4,,
2.605,2.903,4.012,4,,
2.61,2.917,3.995,4,,
2.615,2.952,3.955,4,,
2.62,2.907,4.01,4,,
2.625,2.883,4.037,4,,
2.63,2.909,4.005,4,,
2.635,2.915,3.997,4,,
2.64,2.872,4.047,4,,
2.645,2.891,4.023,4,,
2.65,2.938,3.967,4,,
2.655,2.95,3.955,4,,
2.66,2.909,4.005,4,,
2.665,2.909,4.005,4,,
2.67,2.945,3.963,4,,
2.675,2.906,4.01,4,,
2.68,2.878,4.043,4,,
2.685,2.906,4.008,4,,
2.69,2.931,3.977,4,,
2.695,2.881,4.037,4,,
2.7,2.896,4.017,4,,
2.705,2.945,3.96,4,,
2.71,2.953,3.952,4,,
2.715,2.897,4.02,4,,
2.72,2.905,4.01,4,,
2.725,2.937,3.972,4,,
2.73,2.906,4.01,4,,
2.735,2.875,4.045,4,,
2.74,2.912,4,4,,
2.745,2.931,3.977,4,,
2.75,2.885,4.033,4,,
2.755,2.905,4.008,4,,
2.76,2.95,3.955,4,,
2.765,2.952,3.955,4,,
2.77,2.889,4.03,4,,
2.775,2.89,4.027,4,,
2.78,2.921,3.99,4,,
2.785,2.891,4.025,4,,
2.79,2.873,4.045,4,,
2.795,2.914,3.995,4,,
2.8,2.94,3.965,4,,
2.805,2.896,4.017,4,,
2.81,2.919,3.99,4,,
2.815,2.943,3.963,4,,
2.82,2.945,3.963,4,,
2.825,2.874,4.047,4,,
2.83,2.874,4.045,4,,
2.835,2.906,4.005,4,,
2.84,2.904,4.008,4,,
2.845,2.884,4.03,4,,
2.85,2.917,3.99,4,,
2.855,2.95,3.952,4,,
2.86,2.915,3.995,4,,
2.865,2.913,3.997,4,,
2.87,2.929,3.98,4,,
2.875,2.93,3.98,4,,
2.88,2.864,4.057,4,,
2.885,2.861,4.057,4,,
2.89,2.914,3.993,4,,
2.895,2.917,3.99,4,,
2.9,2.891,4.02,4,,
2.905,2.925,3.98,4,,
2.91,2.947,3.955,4,,
2.915,2.913,3.997,4,,
2.92,2.894,4.02,4,,
2.925,2.916,3.993,4,,
2.93,2.919,3.99,4,,
2.935,2.857,4.062,4,,
2.94,2.878,4.035,4,,
2.945,2.925,3.977,4,,
2.95,2.937,3.965,4,,
2.955,2.9,4.01,4,,
2.96,2.908,4,4,,
2.965,2.926,3.98,4,,
2.97,2.899,4.012,4,,
2.975,2.881,4.033,4,,
2.98,2.903,4.005,4,,
2.985,2.92,3.985,4,,
2.99,2.88,4.033,4,,
2.995,2.895,4.012,4,,
3,2.933,3.967,4,,
3.005,2.937,3.965,4,,
3.01,2.876,4.037,4,,
3.015,2.868,4.045,4,,
3.02,2.9,4.005,4,,
3.025,2.898,4.008,4,,
3.03,2.876,4.033,4,,
3.035,2.909,3.993,4,,
3.04,2.948,3.947,4,,
3.045,2.901,4.005,4,,
3.05,2.892,4.015,4,,
3.055,2.911,3.993,4,,
3.06,2.913,3.99,4,,
3.065,2.851,4.062,4,,
3.07,2.864,4.045,4,,
3.075,2.92,3.977,4,,
3.08,2.927,3.97,4,,
3.085,2.892,4.012,4,,
3.09,2.9,4.003,4,,
3.095,2.928,3.97,4,,
3.1,2.884,4.023,4,,
3.105,2.87,4.037,4,,
3.11,2.896,4.005,4,,
3.115,2.918,3.98,4,,
3.12,2.878,4.027,4,,
3.125,2.9,4,4,,
3.13,2.928,3.967,4,,
3.135,2.929,3.967,4,,
3.14,2.866,4.043,4,,
3.145,2.862,4.045,4,,
3.15,2.895,4.005,4,,
3.155,2.899,4,4,,
3.16,2.879,4.023,4,,
3.165,2.906,3.99,4,,
3.17,2.939,3.952,4,,
3.175,2.907,3.993,4,,
3.18,2.886,4.017,4,,
3.185,2.902,3.997,4,,
3.19,2.909,3.99,4,,
3.195,2.853,4.055,4,,
3.2,2.861,4.043,4,,
3.205,2.917,3.975,4,,
3.21,2.931,3.96,4,,
3.215,2.886,4.015,4,,
3.22,2.887,4.012,4,,
3.225,2.913,3.983,4,,
3.23,2.888,4.012,4,,
3.235,2.863,4.04,4,,
3.24,2.898,3.997,4,,
3.245,2.926,3.965,4,,
3.25,2.876,4.025,4,,
3.255,2.892,4.005,4,,
3.26,2.929,3.963,4,,
3.265,2.924,3.97,4,,
3.27,2.856,4.05,4,,
3.275,2.863,4.04,4,,
3.28,2.897,3.997,4,,
3.285,2.902,3.993,4,,
3.29,2.889,4.008,4,,
3.295,2.912,3.98,4,,
3.3,2.946,3.943,4,,
3.305,2.901,3.997,4,,
3.31,2.88,4.023,4,,
3.315,2.892,4.008,4,,
3.32,2.906,3.99,4,,
3.325,2.859,4.045,4,,
3.33,2.874,4.025,4,,
3.335,2.923,3.967,4,,
3.34,2.942,3.947,4,,
3.345,2.886,4.015,4,,
3.35,2.881,4.02,4,,
3.355,2.91,3.985,4,,
3.36,2.889,4.01,4,,
3.365,2.861,4.043,4,,
3.37,2.906,3.988,4,,
3.375,2.933,3.957,4,,
3.38,2.892,4.008,4,,
3.385,2.902,3.995,4,,
3.39,2.928,3.965,4,,
3.395,2.925,3.97,4,,
3.4,2.854,4.055,4,,
3.405,2.86,4.045,4,,
3.41,2.905,3.99,4,,
3.415,2.903,3.993,4,,
3.42,2.891,4.008,4,,
3.425,2.914,3.98,4,,
3.43,2.934,3.957,4,,
3.435,2.898,4.003,4,,
3.44,2.884,4.017,4,,
3.445,2.899,4,4,,
3.45,2.905,3.993,4,,
3.455,2.867,4.037,4,,
3.46,2.887,4.012,4,,
3.465,2.927,3.965,4,,
3.47,2.937,3.955,4,,
3.475,2.883,4.02,4,,
3.48,2.872,4.033,4,,
3.485,2.898,4,4,,
3.49,2.894,4.005,4,,
3.495,2.87,4.033,4,,
3.5,2.907,3.988,4,,
3.505,2.938,3.952,4,,
3.51,2.899,4,4,,
3.515,2.89,4.01,4,,
3.52,2.916,3.98,4,,
3.525,2.915,3.983,4,,
3.53,2.849,4.06,4,,
3.535,2.863,4.04,4,,
3.54,2.913,3.98,4,,
3.545,2.92,3.972,4,,
3.55,2.894,4.005,4,,
3.555,2.911,3.985,4,,
3.56,2.944,3.947,4,,
3.565,2.894,4.008,4,,
3.57,2.875,4.03,4,,
3.575,2.899,4,4,,
3.58,2.916,3.98,4,,
3.585,2.87,4.035,4,,
3.59,2.898,4,4,,
3.595,2.937,3.955,4,,
3.6,2.939,3.955,4,,
3.605,2.883,4.023,4,,
3.61,2.88,4.025,4,,
3.615,2.909,3.99,4,,
3.62,2.894,4.008,4,,
3.625,2.873,4.033,4,,
3.63,2.91,3.988,4,,
3.635,2.94,3.952,4,,
3.64,2.902,4,4,,
3.645,2.904,3.997,4,,
3.65,2.928,3.97,4,,
3.655,2.927,3.972,4,,
3.66,2.862,4.05,4,,
3.665,2.864,4.045,4,,
3.67,2.911,3.988,4,,
3.675,2.918,3.98,4,,
3.68,2.895,4.008,4,,
3.685,2.916,3.983,4,,
3.69,2.943,3.952,4,,
3.695,2.907,3.997,4,,
3.7,2.883,4.025,4,,
3.705,2.908,3.995,4,,
3.71,2.914,3.988,4,,
3.715,2.861,4.05,4,,
3.72,2.882,4.023,4,,
3.725,2.933,3.963,4,,
3.73,2.937,3.96,4,,
3.735,2.883,4.025,4,,
3.74,2.893,4.012,4,,
3.745,2.916,3.985,4,,
3.75,2.89,4.015,4,,
3.755,2.873,4.035,4,,
3.76,2.907,3.993,4,,
3.765,2.934,3.963,4,,
3.77,2.895,4.01,4,,
3.775,2.901,4.003,4,,
3.78,2.924,3.975,4,,
3.785,2.923,3.977,4,,
3.79,2.86,4.053,4,,
3.795,2.861,4.047,4,,
3.8,2.904,3.995,4,,
3.805,2.913,3.985,4,,
3.81,2.892,4.01,4,,
3.815,2.911,3.988,4,,
3.82,2.953,3.94,4,,
3.825,2.902,4.003,4,,
3.83,2.872,4.037,4,,
3.835,2.898,4.005,4,,
3.84,2.913,3.988,4,,
3.845,2.862,4.047,4,,
3.85,2.879,4.025,4,,
3.855,2.931,3.963,4,,
3.86,2.942,3.952,4,,
3.865,2.886,4.02,4,,
3.87,2.883,4.023,4,,
3.875,2.914,3.985,4,,
3.88,2.889,4.015,4,,
3.885,2.869,4.037,4,,
3.89,2.901,3.997,4,,
3.895,2.929,3.965,4,,
3.9,2.886,4.017,4,,
3.905,2.902,3.997,4,,
3.91,2.928,3.967,4,,
3.915,2.928,3.97,4,,
3.92,2.862,4.047,4,,
3.925,2.862,4.045,4,,
3.93,2.897,4.003,4,,
3.935,2.899,4,4,,
3.94,2.881,4.02,4,,
3.945,2.909,3.988,4,,
3.95,2.941,3.95,4,,
3.955,2.907,3.993,4,,
3.96,2.89,4.012,4,,
3.965,2.907,3.993,4,,
3.97,2.909,3.99,4,,
3.975,2.856,4.053,4,,
3.98,2.86,4.045,4,,
3.985,2.912,3.983,4,,
3.99,2.928,3.965,4,,
3.995,2.891,4.01,4,,
4,2.899,4,4,,
4.005,2.92,3.975,4,,
4.01,2.893,4.008,4,,
4.015,2.869,4.035,4,,
4.02,2.896,4.003,4,,
4.025,2.911,3.985,4,,
4.03,2.862,4.043,4,,
4.035,2.881,4.017,4,,
4.04,2.928,3.963,4,,
4.045,2.936,3.955,4,,
4.05,2.882,4.02,4,,
4.055,2.886,4.015,4,,
4.06,2.9,3.997,4,,
4.065,2.883,4.017,4,,
4.07,2.865,4.037,4,,
4.075,2.895,4,4,,
4.08,2.915,3.977,4,,
4.085,2.884,4.015,4,,
4.09,2.896,4,4,,
4.095,2.926,3.965,4,,
4.1,2.928,3.965,4,,
4.105,2.869,4.035,4,,
4.11,2.863,4.04,4,,
4.115,2.891,4.005,4,,
4.12,2.889,4.008,4,,
4.125,2.875,4.023,4,,
4.13,2.9,3.993,4,,
4.135,2.935,3.952,4,,
4.14,2.892,4.005,4,,
4.145,2.892,4.005,4,,
4.15,2.917,3.975,4,,
4.155,2.921,3.972,4,,
4.16,2.849,4.057,4,,
4.165,2.857,4.045,4,,
4.17,2.891,4.003,4,,
4.175,2.891,4.003,4,,
4.18,2.867,4.03,4,,
4.185,2.905,3.985,4,,
4.19,2.944,3.94,4,,
4.195,2.895,4,4,,
4.2,2.876,4.023,4,,
4.205,2.909,3.983,4,,
4.21,2.904,3.99,4,,
4.215,2.84,4.065,4,,
4.22,2.858,4.04,4,,
4.225,2.899,3.99,4,,
4.23,2.9,3.99,4,,
4.235,2.879,4.015,4,,
4.24,2.906,3.983,4,,
4.245,2.935,3.95,4,,
4.25,2.892,4.003,4,,
4.255,2.877,4.02,4,,
4.26,2.895,3.997,4,,
4.265,2.898,3.995,4,,
4.27,2.842,4.06,4,,
4.275,2.863,4.033,4,,
4.28,2.902,3.985,4,,
4.285,2.916,3.97,4,,
4.29,2.88,4.012,4,,
4.295,2.891,4,4,,
4.3,2.931,3.952,4,,
4.305,2.886,4.008,4,,
4.31,2.858,4.04,4,,
4.315,2.886,4.005,4,,
4.32,2.901,3.988,4,,
4.325,2.848,4.05,4,,
4.33,2.861,4.033,4,,
4.335,2.917,3.965,4,,
4.34,2.925,3.957,4,,
4.345,2.876,4.017,4,,
4.35,2.881,4.01,4,,
4.355,2.917,3.967,4,,
4.36,2.878,4.015,4,,
4.365,2.854,4.043,4,,
4.37,2.888,4,4,,
4.375,2.903,3.983,4,,
4.38,2.85,4.045,4,,
4.385,2.872,4.017,4,,
4.39,2.918,3.963,4,,
4.395,2.922,3.96,4,,
4.4,2.875,4.017,4,,
4.405,2.882,4.008,4,,
4.41,2.917,3.967,4,,
4.415,2.884,4.008,4,,
4.42,2.857,4.037,4,,
4.425,2.888,4,4,,
4.43,2.903,3.983,4,,
4.435,2.854,4.04,4,,
4.44,2.872,4.017,4,,
4.445,2.912,3.97,4,,
4.45,2.924,3.957,4,,
4.455,2.883,4.008,4,,
4.46,2.885,4.005,4,,
4.465,2.923,3.96,4,,
4.47,2.893,3.997,4,,
4.475,2.861,4.035,4,,
4.48,2.889,4,4,,
4.485,2.909,3.977,4,,
4.49,2.852,4.045,4,,
4.495,2.862,4.03,4,,
4.5,2.908,3.975,4,,
4.505,2.92,3.963,4,,
4.51,2.883,4.008,4,,
4.515,2.896,3.993,4,,
4.52,2.937,3.945,4,,
4.525,2.895,3.997,4,,
4.53,2.869,4.027,4,,
4.535,2.889,4.003,4,,
4.54,2.898,3.993,4,,
4.545,2.842,4.057,4,,
4.55,2.858,4.035,4,,
4.555,2.904,3.98,4,,
4.56,2.907,3.977,4,,
4.565,2.887,4.003,4,,
4.57,2.906,3.98,4,,
4.575,2.942,3.94,4,,
4.58,2.899,3.993,4,,
4.585,2.876,4.02,4,,
4.59,2.896,3.995,4,,
4.595,2.895,3.997,4,,
4.6,2.841,4.06,4,,
4.605,2.855,4.04,4,,
4.61,2.892,3.995,4,,
4.615,2.901,3.985,4,,
4.62,2.884,4.005,4,,
4.625,2.906,3.98,4,,
4.63,2.941,3.94,4,,
4.635,2.897,3.995,4,,
4.64,2.882,4.012,4,,
4.645,2.9,3.99,4,,
4.65,2.903,3.988,4,,
4.655,2.846,4.055,4,,
4.66,2.843,4.055,4,,
4.665,2.894,3.993,4,,
4.67,2.897,3.99,4,,
4.675,2.876,4.015,4,,
4.68,2.903,3.983,4,,
4.685,2.942,3.938,4,,
4.69,2.892,4,4,,
4.695,2.881,4.012,4,,
4.7,2.913,3.975,4,,
4.705,2.909,3.98,4,,
4.71,2.842,4.06,4,,
4.715,2.852,4.045,4,,
4.72,2.89,3.997,4,,
4.725,2.89,3.997,4,,
4.73,2.869,4.023,4,,
4.735,2.9,3.985,4,,
4.74,2.94,3.94,4,,
4.745,2.891,4,4,,
4.75,2.884,4.008,4,,
4.755,2.916,3.97,4,,
4.76,2.911,3.977,4,,
4.765,2.846,4.055,4,,
4.77,2.854,4.043,4,,
4.775,2.888,4,4,,
4.78,2.884,4.005,4,,
4.785,2.869,4.023,4,,
4.79,2.902,3.983,4,,
4.795,2.927,3.955,4,,
4.8,2.888,4.003,4,,
4.805,2.89,4,4,,
4.81,2.918,3.967,4,,
4.815,2.926,3.96,4,,
4.82,2.861,4.037,4,,
4.825,2.859,4.037,4,,
4.83,2.892,3.997,4,,
4.835,2.886,4.005,4,,
4.84,2.862,4.033,4,,
4.845,2.89,3.997,4,,
4.85,2.918,3.965,4,,
4.855,2.873,4.02,4,,
4.86,2.885,4.005,4,,
4.865,2.925,3.957,4,,
4.87,2.93,3.955,4,,
4.875,2.871,4.025,4,,
4.88,2.877,4.017,4,,
4.885,2.908,3.98,4,,
4.89,2.885,4.008,4,,
4.895,2.864,4.033,4,,
4.9,2.899,3.99,4,,
4.905,2.914,3.972,4,,
4.91,2.859,4.037,4,,
4.915,2.868,4.025,4,,
4.92,2.923,3.96,4,,
4.925,2.929,3.955,4,,
4.93,2.889,4.005,4,,
4.935,2.899,3.993,4,,
4.94,2.921,3.967,4,,
4.945,2.895,4,4,,
4.95,2.875,4.023,4,,
4.955,2.898,3.995,4,,
4.96,2.902,3.99,4,,
4.965,2.853,4.047,4,,
4.97,2.864,4.033,4,,
4.975,2.914,3.972,4,,
4.98,2.92,3.967,4,,
4.985,2.893,4,4,,
4.99,2.913,3.977,4,,
4.995,2.937,3.95,4,,
5,2.905,3.99,4,,
5.005,2.895,4.003,4,,
5.01,2.904,3.993,4,,
5.015,2.912,3.983,4,,
5.02,2.857,4.047,4,,
5.025,2.859,4.043,4,,
5.03,2.903,3.99,4,,
5.035,2.914,3.977,4,,
5.04,2.88,4.017,4,,
5.045,2.905,3.988,4,,
5.05,2.945,3.943,4,,
5.055,2.904,3.993,4,,
5.06,2.894,4.005,4,,
5.065,2.918,3.977,4,,
5.07,2.923,3.972,4,,
5.075,2.855,4.053,4,,
5.08,2.864,4.04,4,,
5.085,2.907,3.988,4,,
5.09,2.907,3.988,4,,
5.095,2.88,4.02,4,,
5.1,2.914,3.98,4,,
5.105,2.945,3.945,4,,
5.11,2.896,4.005,4,,
5.115,2.902,3.997,4,,
5.12,2.928,3.967,4,,
5.125,2.923,3.975,4,,
5.13,2.862,4.047,4,,
5.135,2.866,4.04,4,,
5.14,2.905,3.993,4,,
5.145,2.899,4,4,,
5.15,2.877,4.025,4,,
5.155,2.91,3.985,4,,
5.16,2.937,3.955,4,,
5.165,2.898,4.003,4,,
5.17,2.905,3.995,4,,
5.175,2.922,3.975,4,,
5.18,2.925,3.972,4,,
5.185,2.862,4.047,4,,
5.19,2.862,4.045,4,,
5.195,2.903,3.995,4,,
5.2,2.903,3.995,4,,
5.205,2.88,4.023,4,,
5.21,2.915,3.98,4,,
5.215,2.942,3.95,4,,
5.22,2.901,4,4,,
5.225,2.901,4,4,,
5.23,2.925,3.972,4,,
5.235,2.922,3.977,4,,
5.24,2.856,4.055,4,,
5.245,2.862,4.045,4,,
5.25,2.905,3.993,4,,
5.255,2.904,3.995,4,,
5.26,2.882,4.02,4,,
5.265,2.916,3.98,4,,
5.27,2.945,3.947,4,,
5.275,2.9,4.003,4,,
5.28,2.891,4.012,4,,
5.285,2.919,3.98,4,,
5.29,2.913,3.988,4,,
5.295,2.856,4.055,4,,
5.3,2.866,4.04,4,,
5.305,2.905,3.993,4,,
5.31,2.914,3.983,4,,
5.315,2.891,4.01,4,,
5.32,2.914,3.983,4,,
5.325,2.941,3.952,4,,
5.33,2.907,3.995,4,,
5.335,2.898,4.005,4,,
5.34,2.913,3.988,4,,
5.345,2.914,3.988,4,,
5.35,2.86,4.05,4,,
5.355,2.867,4.04,4,,
5.36,2.918,3.977,4,,
5.365,2.924,3.972,4,,
5.37,2.893,4.01,4,,
5.375,2.91,3.99,4,,
5.38,2.938,3.957,4,,
5.385,2.904,4,4,,
5.39,2.882,4.025,4,,
5.395,2.904,3.997,4,,
5.4,2.918,3.983,4,,
5.405,2.862,4.047,4,,
5.41,2.875,4.03,4,,
5.415,2.928,3.967,4,,
5.42,2.936,3.96,4,,
5.425,2.892,4.012,4,,
5.43,2.9,4.003,4,,
5.435,2.924,3.975,4,,
5.44,2.897,4.008,4,,
5.445,2.873,4.035,4,,
5.45,2.906,3.995,4,,
5.455,2.921,3.977,4,,
5.46,2.877,4.03,4,,
5.465,2.895,4.008,4,,
5.47,2.935,3.96,4,,
5.475,2.94,3.957,4,,
5.48,2.881,4.027,4,,
5.485,2.882,4.025,4,,
5.49,2.905,3.997,4,,
5.495,2.896,4.008,4,,
5.5,2.881,4.025,4,,
5.505,2.907,3.993,4,,
5.51,2.934,3.963,4,,
5.515,2.899,4.005,4,,
5.52,2.905,3.997,4,,
5.525,2.933,3.965,4,,
5.53,2.933,3.967,4,,
5.535,2.872,4.04,4,,
5.54,2.866,4.045,4,,
5.545,2.909,3.993,4,,
5.55,2.907,3.995,4,,
5.555,2.883,4.023,4,,
5.56,2.917,3.983,4,,
5.565,2.959,3.935,4,,
5.57,2.908,3.997,4,,
5.575,2.897,4.01,4,,
5.58,2.92,3.983,4,,
5.585,2.923,3.98,4,,
5.59,2.855,4.06,4,,
5.595,2.87,4.04,4,,
5.6,2.917,3.983,4,,
5.605,2.92,3.98,4,,
5.61,2.9,4.005,4,,
5.615,2.921,3.98,4,,
5.62,2.959,3.938,4,,
5.625,2.906,4.003,4,,
5.63,2.884,4.027,4,,
5.635,2.909,3.997,4,,
5.64,2.915,3.99,4,,
5.645,2.866,4.047,4,,
5.65,2.89,4.017,4,,
5.655,2.94,3.957,4,,
5.66,2.945,3.955,4,,
5.665,2.899,4.01,4,,
5.67,2.89,4.02,4,,
5.675,2.915,3.99,4,,
5.68,2.899,4.01,4,,
5.685,2.876,4.035,4,,
5.69,2.907,3.997,4,,
5.695,2.937,3.963,4,,
5.7,2.896,4.012,4,,
5.705,2.908,3.997,4,,
5.71,2.93,3.972,4,,
5.715,2.936,3.967,4,,
5.72,2.866,4.05,4,,
5.725,2.866,4.047,4,,
5.73,2.911,3.993,4,,
5.735,2.916,3.988,4,,
5.74,2.89,4.017,4,,
5.745,2.92,3.983,4,,
5.75,2.944,3.955,4,,
5.755,2.908,4,4,,
5.76,2.888,4.023,4,,
5.765,2.909,3.997,4,,
5.77,2.92,3.985,4,,
5.775,2.864,4.05,4,,
5.78,2.886,4.023,4,,
5.785,2.936,3.963,4,,
5.79,2.938,3.963,4,,
5.795,2.884,4.027,4,,
5.8,2.887,4.023,4,,
5.805,2.907,3.997,4,,
5.81,2.895,4.012,4,,
5.815,2.879,4.03,4,,
5.82,2.912,3.99,4,,
5.825,2.943,3.955,4,,
5.83,2.906,4,4,,
5.835,2.904,4.003,4,,
5.84,2.919,3.985,4,,
5.845,2.922,3.983,4,,
5.85,2.854,4.062,4,,
5.855,2.866,4.045,4,,
5.86,2.913,3.988,4,,
5.865,2.916,3.985,4,,
5.87,2.897,4.008,4,,
5.875,2.914,3.988,4,,
5.88,2.949,3.947,4,,
5.885,2.902,4.005,4,,
5.89,2.872,4.04,4,,
5.895,2.902,4.003,4,,
5.9,2.919,3.983,4,,
5.905,2.875,4.035,4,,
5.91,2.897,4.008,4,,
5.915,2.944,3.952,4,,
5.92,2.94,3.96,4,,
5.925,2.879,4.033,4,,
5.93,2.875,4.035,4,,
5.935,2.906,3.997,4,,
5.94,2.893,4.012,4,,
5.945,2.882,4.025,4,,
5.95,2.919,3.98,4,,
5.955,2.946,3.95,4,,
5.96,2.905,4,4,,
5.965,2.899,4.008,4,,
5.97,2.916,3.988,4,,
5.975,2.912,3.993,4,,
5.98,2.861,4.053,4,,
5.985,2.873,4.035,4,,
5.99,2.921,3.977,4,,
5.995,2.935,3.963,4,,
6,2.894,4.012,4,,
6.005,2.898,4.008,4,,
6.01,2.921,3.98,4,,
6.015,2.898,4.008,4,,
6.02,2.872,4.037,4,,
6.025,2.903,4,4,,
6.03,2.931,3.967,4,,
6.035,2.887,4.02,4,,
6.04,2.901,4.003,4,,
6.045,2.938,3.96,4,,
6.05,2.935,3.965,4,,
6.055,2.864,4.05,4,,
6.06,2.868,4.043,4,,
6.065,2.904,3.997,4,,
6.07,2.902,4,4,,
6.075,2.889,4.015,4,,
6.08,2.923,3.975,4,,
6.085,2.959,3.935,4,,
6.09,2.908,3.997,4,,
6.095,2.889,4.02,4,,
6.1,2.912,3.993,4,,
6.105,2.912,3.993,4,,
6.11,2.861,4.053,4,,
6.115,2.886,4.02,4,,
6.12,2.93,3.967,4,,
6.125,2.94,3.957,4,,
6.13,2.899,4.008,4,,
6.135,2.897,4.01,4,,
6.14,2.929,3.972,4,,
6.145,2.896,4.012,4,,
6.15,2.871,4.04,4,,
6.155,2.902,4.003,4,,
6.16,2.934,3.965,4,,
6.165,2.893,4.015,4,,
6.17,2.905,4,4,,
6.175,2.935,3.965,4,,
6.18,2.934,3.967,4,,
6.185,2.861,4.055,4,,
6.19,2.864,4.047,4,,
6.195,2.907,3.995,4,,
6.2,2.912,3.99,4,,
6.205,2.884,4.023,4,,
6.21,2.916,3.985,4,,
6.215,2.944,3.952,4,,
6.22,2.904,4.003,4,,
6.225,2.88,4.03,4,,
6.23,2.908,3.995,4,,
6.235,2.915,3.988,4,,
6.24,2.864,4.047,4,,
6.245,2.883,4.023,4,,
6.25,2.934,3.963,4,,
6.255,2.936,3.963,4,,
6.26,2.884,4.025,4,,
6.265,2.882,4.025,4,,
6.27,2.898,4.005,4,,
6.275,2.89,4.015,4,,
6.28,2.876,4.03,4,,
6.285,2.909,3.99,4,,
6.29,2.937,3.957,4,,
6.295,2.896,4.008,4,,
6.3,2.9,4.003,4,,
6.305,2.915,3.985,4,,
6.31,2.918,3.983,4,,
6.315,2.854,4.057,4,,
6.32,2.858,4.05,4,,
6.325,2.907,3.99,4,,
6.33,2.921,3.975,4,,
6.335,2.888,4.015,4,,
6.34,2.915,3.983,4,,
6.345,2.95,3.943,4,,
6.35,2.899,4.005,4,,
6.355,2.869,4.04,4,,
6.36,2.895,4.008,4,,
6.365,2.907,3.993,4,,
6.37,2.86,4.047,4,,
6.375,2.884,4.017,4,,
6.38,2.935,3.957,4,,
6.385,2.939,3.955,4,,
6.39,2.881,4.025,4,,
6.395,2.88,4.025,4,,
6.4,2.909,3.99,4,,
6.405,2.887,4.015,4,,
6.41,2.867,4.037,4,,
6.415,2.904,3.993,4,,
6.42,2.928,3.965,4,,
6.425,2.891,4.01,4,,
6.43,2.899,4,4,,
6.435,2.925,3.97,4,,
6.44,2.922,3.975,4,,
6.445,2.861,4.047,4,,
6.45,2.863,4.043,4,,
6.455,2.898,4,4,,
6.46,2.9,3.997,4,,
6.465,2.883,4.017,4,,
6.47,2.906,3.99,4,,
6.475,2.941,3.95,4,,
6.48,2.906,3.993,4,,
6.485,2.885,4.017,4,,
6.49,2.902,3.997,4,,
6.495,2.91,3.988,4,,
6.5,2.851,4.057,4,,
6.505,2.867,4.035,4,,
6.51,2.915,3.977,4,,
6.515,2.92,3.972,4,,
6.52,2.885,4.015,4,,
6.525,2.9,3.997,4,,
6.53,2.917,3.977,4,,
6.535,2.892,4.008,4,,
6.54,2.87,4.033,4,,
6.545,2.903,3.993,4,,
6.55,2.914,3.98,4,,
6.555,2.857,4.047,4,,
6.56,2.881,4.017,4,,
6.565,2.931,3.957,4,,
6.57,2.929,3.963,4,,
6.575,2.884,4.017,4,,
6.58,2.885,4.015,4,,
6.585,2.901,3.995,4,,
6.59,2.889,4.01,4,,
6.595,2.869,4.033,4,,
6.6,2.9,3.995,4,,
6.605,2.921,3.97,4,,
6.61,2.876,4.025,4,,
6.615,2.896,4,4,,
6.62,2.926,3.965,4,,
6.625,2.932,3.96,4,,
6.63,2.869,4.035,4,,
6.635,2.868,4.035,4,,
6.64,2.894,4.003,4,,
6.645,2.889,4.008,4,,
6.65,2.863,4.037,4,,
6.655,2.905,3.988,4,,
6.66,2.929,3.96,4,,
6.665,2.886,4.012,4,,
6.67,2.894,4.003,4,,
6.675,2.926,3.965,4,,
6.68,2.923,3.97,4,,
6.685,2.853,4.053,4,,
6.69,2.86,4.043,4,,
6.695,2.896,3.997,4,,
6.7,2.89,4.005,4,,
6.705,2.868,4.03,4,,
6.71,2.91,3.98,4,,
6.715,2.945,3.94,4,,
6.72,2.89,4.008,4,,
6.725,2.892,4.005,4,,
6.73,2.92,3.972,4,,
6.735,2.908,3.988,4,,
6.74,2.848,4.057,4,,
6.745,2.858,4.043,4,,
6.75,2.899,3.993,4,,
6.755,2.9,3.993,4,,
6.76,2.879,4.017,4,,
6.765,2.906,3.985,4,,
6.77,2.941,3.945,4,,
6.775,2.896,4,4,,
6.78,2.888,4.01,4,,
6.785,2.909,3.985,4,,
6.79,2.909,3.985,4,,
6.795,2.85,4.055,4,,
6.8,2.856,4.045,4,,
6.805,2.895,3.997,4,,
6.81,2.903,3.988,4,,
6.815,2.878,4.017,4,,
6.82,2.901,3.99,4,,
6.825,2.953,3.93,4,,
6.83,2.898,3.997,4,,
6.835,2.877,4.023,4,,
6.84,2.902,3.993,4,,
6.845,2.904,3.99,4,,
6.85,2.844,4.06,4,,
6.855,2.852,4.047,4,,
6.86,2.902,3.988,4,,
6.865,2.904,3.985,4,,
6.87,2.875,4.02,4,,
6.875,2.904,3.985,4,,
6.88,2.948,3.935,4,,
6.885,2.895,4,4,,
6.89,2.891,4.005,4,,
6.895,2.914,3.977,4,,
6.9,2.926,3.965,4,,
6.905,2.867,4.035,4,,
6.91,2.883,4.015,4,,
6.915,2.925,3.965,4,,
6.92,2.925,3.967,4,,
6.925,2.903,3.995,4,,
6.93,2.94,3.952,4,,
6.935,2.959,3.932,4,,
6.94,2.915,3.988,4,,
6.945,2.928,3.972,4,,
6.95,2.971,3.925,4,,
6.955,2.97,3.93,4,,
6.96,2.95,3.957,4,,
6.965,2.975,3.93,4,,
6.97,2.998,3.907,4,,
6.975,2.951,3.967,4,,
6.98,2.961,3.957,4,,
6.985,3.002,3.913,4,,
6.99,3,3.92,4,,
6.995,2.975,3.952,4,,
7,3.01,3.915,4,,
7.005,3.018,3.91,4,,
7.01,2.975,3.965,4,,
7.015,2.986,3.955,4,,
7.02,3.027,3.91,4,,
7.025,3.027,3.915,4,,
7.03,3.009,3.94,4,,
7.035,3.04,3.907,4,,
7.04,3.057,3.893,4,,
7.045,3.013,3.95,4,,
7.05,3.028,3.935,4,,
7.055,3.081,3.878,4,,
7.06,3.08,3.885,4,,
7.065,3.073,3.9,4,,
7.07,3.119,3.852,4,,
7.075,3.141,3.835,4,,
7.08,3.093,3.9,4,,
7.085,3.121,3.872,4,,
7.09,3.16,3.835,4,,
7.095,3.103,3.91,4,,
7.1,3.114,3.902,4,,
7.105,3.153,3.862,4,,
7.11,3.164,3.858,4,,
7.115,3.166,3.862,4,,
7.12,3.216,3.812,4,,
7.125,3.253,3.78,4,,
7.13,3.227,3.823,4,,
7.135,3.244,3.812,4,,
7.14,3.27,3.793,4,,
7.145,3.252,3.825,4,,
7.15,3.287,3.795,4,,
7.155,3.365,3.715,4,,
7.16,3.321,3.783,4,,
7.165,3.325,3.79,4,,
7.17,3.415,3.697,4,,
7.175,3.423,3.705,4,,
7.18,3.398,3.75,4,,
7.185,3.485,3.663,4,,
7.19,3.502,3.663,4,,
7.195,3.479,3.707,4,,
7.2,3.584,3.602,4,,
7.205,3.56,3.652,4,,
7.21,3.589,3.638,4,,
7.215,3.673,3.56,4,,
7.22,3.643,3.62,4,,
7.225,3.711,3.562,4,,
7.23,3.732,3.562,4,,
7.235,3.755,3.56,4,,
7.24,3.791,3.543,4,,
7.245,3.843,3.507,4,,
7.25,3.841,3.537,4,,
7.255,3.908,3.485,4,,
7.26,3.92,3.5,4,,
7.265,3.923,3.525,4,,
7.27,4.038,3.418,4,,
7.275,3.952,3.55,4,,
7.28,4.036,3.477,4,,
7.285,4.082,3.453,4,,
7.29,4.031,3.543,4,,
7.295,4.126,3.457,4,,
7.3,4.133,3.48,4,,
7.305,4.13,3.512,4,,
7.31,4.203,3.455,4,,
7.315,4.156,3.54,4,,
7.32,4.208,3.505,4,,
7.325,4.223,3.515,4,,
7.33,4.242,3.52,4,,
7.335,4.267,3.517,4,,
7.34,4.286,3.523,4,,
7.345,4.297,3.512,4,,
7.35,4.301,3.507,4,,
7.355,4.301,3.507,4,,
7.36,4.286,3.525,4,,
7.365,4.36,3.435,4,,
7.37,4.288,3.523,4,,
7.375,4.333,3.467,4,,
7.38,4.376,3.415,4,,
7.385,4.293,3.517,4,,
7.39,4.347,3.45,4,,
7.395,4.352,3.445,4,,
7.4,4.291,3.52,4,,
7.405,4.368,3.425,4,,
7.41,4.329,3.473,4,,
7.415,4.343,3.455,4,,
7.42,4.376,3.415,4,,
7.425,4.352,3.445,4,,
7.43,4.374,3.418,4,,
7.435,4.368,3.425,4,,
7.44,4.37,3.422,4,,
7.445,4.406,3.377,4,,
7.45,4.376,3.415,4,,
7.455,4.433,3.345,4,,
7.46,4.423,3.358,4,,
7.465,4.384,3.405,4,,
7.47,4.455,3.318,4,,
7.475,4.465,3.305,4,,
7.48,4.486,3.28,4,,
7.485,4.457,3.315,4,,
7.49,4.463,3.307,4,,
7.495,4.516,3.243,4,,
7.5,4.47,3.3,4,,
7.505,4.529,3.227,4,,
7.51,4.526,3.23,4,,
7.515,4.535,3.22,4,,
7.52,4.561,3.188,4,,
7.525,4.571,3.175,4,,
7.53,4.626,3.108,4,,
7.535,4.565,3.182,4,,
7.54,4.622,3.112,4,,
7.545,4.622,3.112,4,,
7.55,4.626,3.108,4,,
7.555,4.644,3.085,4,,
7.56,4.642,3.088,4,,
7.565,4.685,3.035,4,,
7.57,4.651,3.077,4,,
7.575,4.712,3.003,4,,
7.58,4.724,2.988,4,,
7.585,4.738,2.97,4,,
7.59,4.677,3.045,4,,
7.595,4.734,2.975,4,,
7.6,4.74,2.968,4,,
7.605,4.722,2.99,4,,
7.61,4.697,3.02,4,,
7.615,4.695,3.023,4,,
7.62,4.736,2.973,4,,
7.625,4.679,3.043,4,,
7.63,4.685,3.035,4,,
7.635,4.636,3.095,4,,
7.64,4.624,3.11,4,,
7.645,4.549,3.203,4,,
7.65,4.549,3.203,4,,
7.655,4.502,3.26,4,,
7.66,4.431,3.347,4,,
7.665,4.431,3.347,4,,
7.67,4.315,3.49,4,,
7.675,4.276,3.537,4,,
7.68,4.217,3.61,4,,
7.685,4.12,3.73,4,,
7.69,4.057,3.807,4,,
7.695,3.987,3.893,4,,
7.7,3.866,4.04,4,,
7.705,3.825,4.085,4,,
7.71,3.825,4.08,4,,
7.715,3.782,4.125,4,,
7.72,3.656,4.265,4,,
7.725,3.645,4.263,4,,
7.73,3.646,4.247,4,,
7.735,3.606,4.28,4,,
7.74,3.569,4.307,4,,
7.745,3.502,4.367,4,,
7.75,3.502,4.347,4,,
7.755,3.494,4.338,4,,
7.76,3.488,4.325,4,,
7.765,3.404,4.405,4,,
7.77,3.384,4.405,4,,
7.775,3.397,4.367,4,,
7.78,3.362,4.387,4,,
7.785,3.378,4.347,4,,
7.79,3.29,4.43,4,,
7.795,3.28,4.418,4,,
7.8,3.293,4.38,4,,
7.805,3.257,4.4,4,,
7.81,3.281,4.35,4,,
7.815,3.183,4.445,4,,
7.82,3.185,4.418,4,,
7.825,3.206,4.37,4,,
7.83,3.175,4.385,4,,
7.835,3.2,4.335,4,,
7.84,3.11,4.42,4,,
7.845,3.116,4.39,4,,
7.85,3.13,4.352,4,,
7.855,3.117,4.347,4,,
7.86,3.13,4.312,4,,
7.865,3.034,4.408,4,,
7.87,3.074,4.338,4,,
7.875,3.06,4.335,4,,
7.88,3.098,4.273,4,,
7.885,3.035,4.33,4,,
7.89,3.024,4.325,4,,
7.895,2.987,4.35,4,,
7.9,3.043,4.265,4,,
7.905,3.024,4.273,4,,
7.91,3.002,4.283,4,,
7.915,2.95,4.327,4,,
7.92,2.988,4.265,4,,
7.925,2.975,4.265,4,,
7.93,3.001,4.22,4,,
7.935,2.924,4.298,4,,
7.94,2.938,4.265,4,,
7.945,2.975,4.207,4,,
7.95,2.954,4.22,4,,
7.955,2.941,4.222,4,,
7.96,2.905,4.253,4,,
7.965,2.929,4.21,4,,
7.97,2.967,4.155,4,,
7.975,2.91,4.212,4,,
7.98,2.904,4.207,4,,
7.985,2.896,4.205,4,,
7.99,2.914,4.173,4,,
7.995,2.945,4.128,4,,
8,2.876,4.2,4,,
8.005,2.864,4.202,4,,
8.01,2.926,4.12,4,,
8.015,2.922,4.117,4,,
8.02,2.843,4.202,4,,
8.025,2.872,4.157,4,,
8.03,2.918,4.095,4,,
8.035,2.903,4.108,4,,
8.04,2.846,4.168,4,,
8.045,2.873,4.128,4,,
8.05,2.905,4.082,4,,
8.055,2.893,4.092,4,,
8.06,2.834,4.155,4,,
8.065,2.864,4.113,4,,
8.07,2.903,4.06,4,,
8.075,2.894,4.068,4,,
8.08,2.826,4.142,4,,
8.085,2.847,4.11,4,,
8.09,2.9,4.043,4,,
8.095,2.9,4.04,4,,
8.1,2.823,4.128,4,,
8.105,2.834,4.108,4,,
8.11,2.889,4.037,4,,
8.115,2.905,4.017,4,,
8.12,2.839,4.092,4,,
8.125,2.828,4.1,4,,
8.13,2.865,4.053,4,,
8.135,2.886,4.025,4,,
8.14,2.863,4.05,4,,
8.145,2.861,4.05,4,,
8.15,2.873,4.033,4,,
8.155,2.861,4.045,4,,
8.16,2.831,4.078,4,,
8.165,2.874,4.023,4,,
8.17,2.914,3.975,4,,
8.175,2.87,4.027,4,,
8.18,2.837,4.065,4,,
8.185,2.855,4.04,4,,
8.19,2.875,4.015,4,,
8.195,2.833,4.062,4,,
8.2,2.854,4.035,4,,
8.205,2.893,3.988,4,,
8.21,2.889,3.993,4,,
8.215,2.818,4.075,4,,
8.22,2.819,4.07,4,,
8.225,2.865,4.012,4,,
8.23,2.88,3.995,4,,
8.235,2.861,4.017,4,,
8.24,2.866,4.01,4,,
8.245,2.885,3.988,4,,
8.25,2.862,4.015,4,,
8.255,2.838,4.043,4,,
8.26,2.866,4.008,4,,
8.265,2.889,3.98,4,,
8.27,2.856,4.02,4,,
8.275,2.863,4.01,4,,
8.28,2.887,3.983,4,,
8.285,2.887,3.983,4,,
8.29,2.821,4.06,4,,
8.295,2.821,4.057,4,,
8.3,2.865,4.003,4,,
8.305,2.887,3.977,4,,
8.31,2.858,4.012,4,,
8.315,2.879,3.988,4,,
8.32,2.918,3.943,4,,
8.325,2.871,4,4,,
8.33,2.839,4.037,4,,
8.335,2.869,4,4,,
8.34,2.882,3.985,4,,
8.345,2.829,4.047,4,,
8.35,2.859,4.01,4,,
8.355,2.902,3.96,4,,
8.36,2.908,3.955,4,,
8.365,2.841,4.035,4,,
8.37,2.842,4.033,4,,
8.375,2.868,4,4,,
8.38,2.862,4.008,4,,
8.385,2.844,4.027,4,,
8.39,2.877,3.988,4,,
8.395,2.912,3.947,4,,
8.4,2.876,3.993,4,,
8.405,2.87,4,4,,
8.41,2.881,3.988,4,,
8.415,2.886,3.983,4,,
8.42,2.831,4.047,4,,
8.425,2.833,4.043,4,,
8.43,2.878,3.988,4,,
8.435,2.894,3.97,4,,
8.44,2.867,4.003,4,,
8.445,2.876,3.993,4,,
8.45,2.897,3.967,4,,
8.455,2.877,3.993,4,,
8.46,2.846,4.03,4,,
8.465,2.866,4.005,4,,
8.47,2.889,3.977,4,,
8.475,2.849,4.025,4,,
8.48,2.859,4.012,4,,
8.485,2.901,3.963,4,,
8.49,2.912,3.952,4,,
8.495,2.847,4.03,4,,
8.5,2.841,4.035,4,,
8.505,2.876,3.993,4,,
8.51,2.868,4.003,4,,
8.515,2.849,4.025,4,,
8.52,2.886,3.98,4,,
8.525,2.924,3.938,4,,
8.53,2.875,3.997,4,,
8.535,2.869,4.005,4,,
8.54,2.884,3.988,4,,
8.545,2.884,3.988,4,,
8.55,2.822,4.06,4,,
8.555,2.839,4.037,4,,
8.56,2.884,3.983,4,,
8.565,2.898,3.967,4,,
8.57,2.874,3.997,4,,
8.575,2.88,3.99,4,,
8.58,2.911,3.955,4,,
8.585,2.868,4.008,4,,
8.59,2.844,4.035,4,,
8.595,2.864,4.01,4,,
8.6,2.891,3.977,4,,
8.605,2.847,4.03,4,,
8.61,2.869,4.003,4,,
8.615,2.899,3.967,4,,
8.62,2.908,3.96,4,,
8.625,2.84,4.04,4,,
8.63,2.836,4.043,4,,
8.635,2.869,4.003,4,,
8.64,2.869,4.003,4,,
8.645,2.845,4.03,4,,
8.65,2.882,3.985,4,,
8.655,2.913,3.95,4,,
8.66,2.872,4,4,,
8.665,2.857,4.017,4,,
8.67,2.876,3.995,4,,
8.675,2.876,3.995,4,,
8.68,2.823,4.057,4,,
8.685,2.843,4.03,4,,
8.69,2.892,3.972,4,,
8.695,2.899,3.965,4,,
8.7,2.856,4.017,4,,
8.705,2.849,4.025,4,,
8.71,2.871,3.997,4,,
8.715,2.858,4.012,4,,
8.72,2.843,4.03,4,,
8.725,2.873,3.993,4,,
8.73,2.904,3.957,4,,
8.735,2.865,4.005,4,,
8.74,2.871,3.997,4,,
8.745,2.882,3.985,4,,
8.75,2.885,3.983,4,,
8.755,2.823,4.055,4,,
8.76,2.825,4.05,4,,
8.765,2.87,3.995,4,,
8.77,2.885,3.977,4,,
8.775,2.858,4.01,4,,
8.78,2.877,3.988,4,,
8.785,2.919,3.94,4,,
8.79,2.866,4.005,4,,
8.795,2.835,4.04,4,,
8.8,2.864,4.005,4,,
8.805,2.878,3.988,4,,
8.81,2.829,4.045,4,,
8.815,2.853,4.015,4,,
8.82,2.898,3.963,4,,
8.825,2.904,3.957,4,,
8.83,2.839,4.035,4,,
8.835,2.84,4.033,4,,
8.84,2.87,3.995,4,,
8.845,2.853,4.015,4,,
8.85,2.837,4.033,4,,
8.855,2.873,3.99,4,,
8.86,2.903,3.955,4,,
8.865,2.864,4.003,4,,
8.87,2.864,4.003,4,,
8.875,2.886,3.977,4,,
8.88,2.878,3.988,4,,
8.885,2.821,4.055,4,,
8.89,2.82,4.053,4,,
8.895,2.871,3.99,4,,
8.9,2.881,3.98,4,,
8.905,2.856,4.01,4,,
8.91,2.872,3.99,4,,
8.915,2.901,3.957,4,,
8.92,2.871,3.995,4,,
8.925,2.841,4.03,4,,
8.93,2.863,4.003,4,,
8.935,2.878,3.985,4,,
8.94,2.827,4.045,4,,
8.945,2.842,4.025,4,,
8.95,2.89,3.967,4,,
8.955,2.903,3.955,4,,
8.96,2.842,4.027,4,,
8.965,2.843,4.025,4,,
8.97,2.872,3.99,4,,
8.975,2.858,4.008,4,,
8.98,2.829,4.04,4,,
8.985,2.866,3.995,4,,
8.99,2.896,3.96,4,,
8.995,2.855,4.01,4,,
9,2.857,4.008,4,,
9.005,2.889,3.97,4,,
9.01,2.884,3.977,4,,
9.015,2.82,4.053,4,,
9.02,2.818,4.053,4,,
9.025,2.858,4.003,4,,
9.03,2.865,3.995,4,,
9.035,2.843,4.02,4,,
9.04,2.87,3.988,4,,
9.045,2.912,3.94,4,,
9.05,2.868,3.995,4,,
9.055,2.846,4.02,4,,
9.06,2.858,4.005,4,,
9.065,2.871,3.99,4,,
9.07,2.813,4.057,4,,
9.075,2.823,4.043,4,,
9.08,2.873,3.983,4,,
9.085,2.893,3.96,4,,
9.09,2.854,4.008,4,,
9.095,2.856,4.005,4,,
9.1,2.892,3.963,4,,
9.105,2.855,4.008,4,,
9.11,2.825,4.043,4,,
9.115,2.849,4.012,4,,
9.12,2.867,3.99,4,,
9.125,2.827,4.037,4,,
9.13,2.847,4.012,4,,
9.135,2.885,3.967,4,,
9.14,2.895,3.957,4,,
9.145,2.828,4.037,4,,
9.15,2.833,4.03,4,,
9.155,2.862,3.995,4,,
9.16,2.84,4.02,4,,
9.165,2.826,4.035,4,,
9.17,2.857,3.997,4,,
9.175,2.885,3.965,4,,
9.18,2.846,4.012,4,,
9.185,2.86,3.995,4,,
9.19,2.882,3.97,4,,
9.195,2.884,3.97,4,,
9.2,2.825,4.04,4,,
9.205,2.816,4.047,4,,
9.21,2.849,4.008,4,,
9.215,2.855,4,4,,
9.22,2.835,4.023,4,,
9.225,2.862,3.99,4,,
9.23,2.895,3.952,4,,
9.235,2.861,3.995,4,,
9.24,2.854,4.003,4,,
9.245,2.872,3.983,4,,
9.25,2.875,3.98,4,,
9.255,2.815,4.05,4,,
9.26,2.811,4.053,4,,
9.265,2.853,4,4,,
9.27,2.86,3.993,4,,
9.275,2.841,4.015,4,,
9.28,2.868,3.983,4,,
9.285,2.897,3.95,4,,
9.29,2.856,4,4,,
9.295,2.85,4.008,4,,
9.3,2.867,3.988,4,,
9.305,2.865,3.99,4,,
9.31,2.805,4.06,4,,
9.315,2.811,4.05,4,,
9.32,2.858,3.993,4,,
9.325,2.863,3.988,4,,
9.33,2.84,4.015,4,,
9.335,2.869,3.98,4,,
9.34,2.892,3.955,4,,
9.345,2.851,4.005,4,,
9.35,2.844,4.012,4,,
9.355,2.859,3.995,4,,
9.36,2.854,4,4,,
9.365,2.807,4.055,4,,
9.37,2.815,4.043,4,,
9.375,2.858,3.99,4,,
9.38,2.87,3.977,4,,
9.385,2.843,4.01,4,,
9.39,2.862,3.988,4,,
9.395,2.888,3.957,4,,
9.4,2.856,3.997,4,,
9.405,2.83,4.027,4,,
9.41,2.854,3.997,4,,
9.415,2.857,3.995,4,,
9.42,2.805,4.055,4,,
9.425,2.813,4.043,4,,
9.43,2.867,3.977,4,,
9.435,2.875,3.97,4,,
9.44,2.838,4.015,4,,
9.445,2.854,3.995,4,,
9.45,2.884,3.96,4,,
9.455,2.854,3.997,4,,
9.46,2.824,4.033,4,,
9.465,2.85,4,4,,
9.47,2.863,3.985,4,,
9.475,2.808,4.05,4,,
9.48,2.819,4.035,4,,
9.485,2.869,3.975,4,,
9.49,2.878,3.965,4,,
9.495,2.844,4.008,4,,
9.5,2.869,3.977,4,,
9.505,2.894,3.95,4,,
9.51,2.86,3.993,4,,
9.515,2.838,4.017,4,,
9.52,2.857,3.995,4,,
9.525,2.861,3.99,4,,
9.53,2.808,4.053,4,,
9.535,2.816,4.04,4,,
9.54,2.855,3.993,4,,
9.545,2.873,3.972,4,,
9.55,2.846,4.005,4,,
9.555,2.868,3.98,4,,
9.56,2.897,3.947,4,,
9.565,2.858,3.995,4,,
9.57,2.848,4.008,4,,
9.575,2.862,3.99,4,,
9.58,2.869,3.983,4,,
9.585,2.808,4.055,4,,
9.59,2.803,4.057,4,,
9.595,2.85,4,4,,
9.6,2.86,3.988,4,,
9.605,2.835,4.017,4,,
9.61,2.862,3.985,4,,
9.615,2.9,3.943,4,,
9.62,2.855,3.997,4,,
9.625,2.844,4.01,4,,
9.63,2.87,3.98,4,,
9.635,2.871,3.98,4,,
9.64,2.809,4.053,4,,
9.645,2.807,4.053,4,,
9.65,2.854,3.995,4,,
9.655,2.85,4,4,,
9.66,2.83,4.023,4,,
9.665,2.861,3.985,4,,
9.67,2.892,3.95,4,,
9.675,2.847,4.005,4,,
9.68,2.847,4.005,4,,
9.685,2.864,3.985,4,,
9.69,2.871,3.977,4,,
9.695,2.808,4.053,4,,
9.7,2.814,4.043,4,,
9.705,2.851,3.997,4,,
9.71,2.849,4,4,,
9.715,2.833,4.017,4,,
9.72,2.863,3.983,4,,
9.725,2.885,3.957,4,,
9.73,2.848,4.003,4,,
9.735,2.853,3.997,4,,
9.74,2.874,3.972,4,,
9.745,2.876,3.972,4,,
9.75,2.819,4.04,4,,
9.755,2.815,4.043,4,,
9.76,2.854,3.995,4,,
9.765,2.845,4.005,4,,
9.77,2.819,4.035,4,,
9.775,2.852,3.995,4,,
9.78,2.884,3.957,4,,
9.785,2.843,4.008,4,,
9.79,2.85,4,4,,
9.795,2.875,3.97,4,,
9.8,2.877,3.97,4,,
9.805,2.818,4.04,4,,
9.81,2.818,4.037,4,,
9.815,2.855,3.993,4,,
9.82,2.843,4.008,4,,
9.825,2.819,4.035,4,,
9.83,2.856,3.99,4,,
9.835,2.88,3.963,4,,
9.84,2.834,4.017,4,,
9.845,2.851,3.997,4,,
9.85,2.883,3.96,4,,
9.855,2.887,3.957,4,,
9.86,2.831,4.025,4,,
9.865,2.834,4.02,4,,
9.87,2.863,3.985,4,,
9.875,2.847,4.005,4,,
9.88,2.821,4.035,4,,
9.885,2.856,3.993,4,,
9.89,2.871,3.975,4,,
9.895,2.829,4.025,4,,
9.9,2.841,4.01,4,,
9.905,2.881,3.963,4,,
9.91,2.89,3.955,4,,
9.915,2.838,4.017,4,,
9.92,2.833,4.023,4,,
9.925,2.877,3.97,4,,
9.93,2.844,4.01,4,,
9.935,2.815,4.043,4,,
9.94,2.844,4.008,4,,
9.945,2.871,3.975,4,,
9.95,2.823,4.033,4,,
9.955,2.839,4.012,4,,
9.96,2.879,3.965,4,,
9.965,2.889,3.955,4,,
9.97,2.84,4.015,4,,
9.975,2.839,4.015,4,,
9.98,2.877,3.97,4,,
9.985,2.844,4.01,4,,
9.99,2.815,4.043,4,,
9.995,2.846,4.005,4,,
10,2.869,3.977,4,,
10.005,2.816,4.04,4,,
10.01,2.832,4.02,4,,
10.015,2.882,3.96,4,,
10.02,2.889,3.955,4,,
10.025,2.839,4.015,4,,
10.03,2.849,4.003,4,,
10.035,2.884,3.963,4,,
10.04,2.842,4.012,4,,
10.045,2.822,4.035,4,,
10.05,2.851,4,4,,
10.055,2.866,3.983,4,,
10.06,2.817,4.04,4,,
10.065,2.837,4.015,4,,
10.07,2.881,3.963,4,,
10.075,2.889,3.955,4,,
10.08,2.846,4.008,4,,
10.085,2.848,4.005,4,,
10.09,2.885,3.963,4,,
10.095,2.854,4,4,,
10.1,2.822,4.037,4,,
10.105,2.846,4.008,4,,
10.11,2.863,3.988,4,,
10.115,2.822,4.035,4,,
10.12,2.834,4.02,4,,
10.125,2.88,3.965,4,,
10.13,2.884,3.963,4,,
10.135,2.847,4.008,4,,
10.14,2.847,4.008,4,,
10.145,2.889,3.957,4,,
10.15,2.85,4.005,4,,
10.155,2.82,4.04,4,,
10.16,2.855,3.997,4,,
10.165,2.874,3.975,4,,
10.17,2.819,4.04,4,,
10.175,2.833,4.023,4,,
10.18,2.883,3.963,4,,
10.185,2.894,3.952,4,,
10.19,2.846,4.01,4,,
10.195,2.857,3.997,4,,
10.2,2.898,3.95,4,,
10.205,2.855,4.003,4,,
10.21,2.825,4.037,4,,
10.215,2.859,3.995,4,,
10.22,2.875,3.977,4,,
10.225,2.82,4.043,4,,
10.23,2.841,4.015,4,,
10.235,2.884,3.965,4,,
10.24,2.894,3.955,4,,
10.245,2.851,4.008,4,,
10.25,2.855,4.003,4,,
10.255,2.891,3.96,4,,
10.26,2.855,4.005,4,,
10.265,2.828,4.035,4,,
10.27,2.857,4,4,,
10.275,2.876,3.977,4,,
10.28,2.832,4.03,4,,
10.285,2.839,4.02,4,,
10.29,2.886,3.965,4,,
10.295,2.903,3.947,4,,
10.3,2.856,4.005,4,,
10.305,2.855,4.005,4,,
10.31,2.89,3.965,4,,
10.315,2.861,4,4,,
10.32,2.831,4.035,4,,
10.325,2.859,4,4,,
10.33,2.883,3.972,4,,
10.335,2.833,4.033,4,,
10.34,2.851,4.01,4,,
10.345,2.893,3.96,4,,
10.35,2.906,3.947,4,,
10.355,2.844,4.023,4,,
10.36,2.847,4.017,4,,
10.365,2.883,3.975,4,,
10.37,2.858,4.005,4,,
10.375,2.832,4.035,4,,
10.38,2.869,3.99,4,,
10.385,2.889,3.967,4,,
10.39,2.845,4.02,4,,
10.395,2.864,3.997,4,,
10.4,2.896,3.96,4,,
10.405,2.9,3.957,4,,
10.41,2.842,4.027,4,,
10.415,2.836,4.033,4,,
10.42,2.869,3.993,4,,
10.425,2.861,4.003,4,,
10.43,2.846,4.02,4,,
10.435,2.875,3.985,4,,
10.44,2.899,3.957,4,,
10.445,2.86,4.005,4,,
10.45,2.86,4.005,4,,
10.455,2.894,3.965,4,,
10.46,2.894,3.967,4,,
10.465,2.831,4.043,4,,
10.47,2.829,4.043,4,,
10.475,2.866,3.997,4,,
10.48,2.872,3.99,4,,
10.485,2.849,4.017,4,,
10.49,2.878,3.983,4,,
10.495,2.918,3.938,4,,
10.5,2.869,3.997,4,,
10.505,2.863,4.005,4,,
10.51,2.884,3.98,4,,
10.515,2.887,3.977,4,,
10.52,2.817,4.06,4,,
10.525,2.829,4.043,4,,
10.53,2.879,3.983,4,,
10.535,2.886,3.975,4,,
10.54,2.864,4.003,4,,
10.545,2.885,3.977,4,,
10.55,2.908,3.952,4,,
10.555,2.876,3.993,4,,
10.56,2.852,4.02,4,,
10.565,2.871,3.997,4,,
10.57,2.88,3.988,4,,
10.575,2.831,4.045,4,,
10.58,2.852,4.017,4,,
10.585,2.894,3.967,4,,
10.59,2.907,3.955,4,,
10.595,2.866,4.005,4,,
10.6,2.868,4.003,4,,
10.605,2.881,3.988,4,,
10.61,2.87,4,4,,
10.615,2.84,4.035,4,,
10.62,2.869,4,4,,
10.625,2.895,3.97,4,,
10.63,2.851,4.023,4,,
10.635,2.865,4.005,4,,
10.64,2.905,3.957,4,,
10.645,2.916,3.947,4,,
10.65,2.845,4.033,4,,
10.655,2.84,4.037,4,,
10.66,2.874,3.995,4,,
10.665,2.87,4,4,,
10.67,2.844,4.03,4,,
10.675,2.88,3.988,4,,
10.68,2.923,3.938,4,,
10.685,2.877,3.995,4,,
10.69,2.866,4.008,4,,
10.695,2.896,3.972,4,,
10.7,2.893,3.977,4,,
10.705,2.817,4.068,4,,
10.71,2.833,4.045,4,,
10.715,2.878,3.99,4,,
10.72,2.887,3.98,4,,
10.725,2.866,4.005,4,,
10.73,2.89,3.977,4,,
10.735,2.925,3.938,4,,
10.74,2.879,3.995,4,,
10.745,2.853,4.025,4,,
10.75,2.867,4.008,4,,
10.755,2.884,3.988,4,,
10.76,2.839,4.04,4,,
10.765,2.855,4.02,4,,
10.77,2.901,3.965,4,,
10.775,2.916,3.95,4,,
10.78,2.854,4.025,4,,
10.785,2.852,4.025,4,,
10.79,2.883,3.988,4,,
10.795,2.871,4.003,4,,
10.8,2.843,4.035,4,,
10.805,2.874,3.997,4,,
10.81,2.913,3.952,4,,
10.815,2.874,4,4,,
10.82,2.872,4.003,4,,
10.825,2.891,3.98,4,,
10.83,2.894,3.977,4,,
10.835,2.826,4.057,4,,
10.84,2.832,4.047,4,,
10.845,2.89,3.977,4,,
10.85,2.893,3.975,4,,
10.855,2.867,4.008,4,,
10.86,2.877,3.995,4,,
10.865,2.897,3.972,4,,
10.87,2.872,4.003,4,,
10.875,2.844,4.035,4,,
10.88,2.87,4.003,4,,
10.885,2.887,3.983,4,,
10.89,2.845,4.033,4,,
10.895,2.865,4.008,4,,
10.9,2.904,3.963,4,,
10.905,2.912,3.955,4,,
10.91,2.847,4.033,4,,
10.915,2.843,4.035,4,,
10.92,2.866,4.008,4,,
10.925,2.869,4.003,4,,
10.93,2.854,4.02,4,,
10.935,2.886,3.983,4,,
10.94,2.925,3.938,4,,
10.945,2.885,3.988,4,,
