=~=~=~=~=~=~=~=~=~=~=~= PuTTY log 2021.09.02 16:22:36 =~=~=~=~=~=~=~=~=~=~=~=,,,,,,,
,,,,,,,
Tiempo ,CONTROL,VELOCIDA,REFERENC,,,,
,,,,,,,
-0.1,0,0,0,,,,
-0.095,0,0,0,,6 segundos = celda,1225,
-0.09,0,0,0,,3segundos = celda,625,
-0.085,0,0,0,,Sobre-impulso,,
-0.08,0,0,0,,4.102,,
-0.075,0,0,0,,Procentaje de sobreimpulso,,
-0.07,0,0,0,,2.55,%,
-0.065,0,0,0,,Valor mínimo en perturbación,,
-0.06,0,0,0,,3.665,celda ,1090
-0.055,0,0,0,,,tiempo,5.325
-0.05,0,0,0,,,,
-0.045,0,0,0,,tiempo,,velocidad
-0.04,0,0,0,,5.54,3.589,3.928
-0.035,0,0,0,,,,
-0.03,0,0,0,,dif tiempo,,
-0.025,0,0,0,,0.215,,
-0.02,0,0,0,,,,
-0.015,0,0,0,,,,
-0.01,0,0,0,,,,
-0.005,0,0,0,,,,
0,-0.024,0.025,0,,,,
0.005,-0.013,0.012,0,,,,
0.01,-0.004,0.003,0,,,,
0.015,-0.005,0.003,0,,,,
0.02,-0.005,0.003,0,,,,
0.025,-0.005,0.003,0,,,,
0.03,-0.003,0,0,,,,
0.035,-0.005,0.003,0,,,,
0.04,-0.005,0.003,0,,,,
0.045,-0.005,0.003,0,,,,
0.05,-0.005,0.003,0,,,,
0.055,-0.006,0.003,0,,,,
0.06,-0.008,0.005,0,,,,
0.065,-0.003,0,0,,,,
0.07,-0.003,0,0,,,,
0.075,-0.006,0.003,0,,,,
0.08,-0.006,0.003,0,,,,
0.085,-0.006,0.003,0,,,,
0.09,-0.004,0,0,,,,
0.095,-0.004,0,0,,,,
0.1,-0.009,0.005,0,,,,
0.105,-0.004,0,0,,,,
0.11,-0.004,0,0,,,,
0.115,-0.007,0.003,0,,,,
0.12,-0.007,0.003,0,,,,
0.125,-0.004,0,0,,,,
0.13,-0.004,0,0,,,,
0.135,-0.004,0,0,,,,
0.14,-0.004,0,0,,,,
0.145,-0.002,-0.003,0,,,,
0.15,-0.004,0,0,,,,
0.155,-0.007,0.003,0,,,,
0.16,-0.004,0,0,,,,
0.165,-0.004,0,0,,,,
0.17,-0.004,0,0,,,,
0.175,-0.004,0,0,,,,
0.18,-0.002,-0.003,0,,,,
0.185,-0.002,-0.003,0,,,,
0.19,-0.004,0,0,,,,
0.195,-0.004,0,0,,,,
0.2,-0.004,0,0,,,,
0.205,-0.004,0,0,,,,
0.21,-0.002,-0.003,0,,,,
0.215,-0.006,0.003,0,,,,
0.22,-0.004,0,0,,,,
0.225,-0.004,0,0,,,,
0.23,-0.002,-0.003,0,,,,
0.235,-0.004,0,0,,,,
0.24,0.001,-0.005,0,,,,
0.245,-0.004,0,0,,,,
0.25,-0.004,0,0,,,,
0.255,-0.004,0,0,,,,
0.26,-0.001,-0.003,0,,,,
0.265,-0.006,0.003,0,,,,
0.27,-0.004,0,0,,,,
0.275,-0.004,0,0,,,,
0.28,-0.001,-0.003,0,,,,
0.285,-0.004,0,0,,,,
0.29,-0.004,0,0,,,,
0.295,-0.001,-0.003,0,,,,
0.3,-0.001,-0.003,0,,,,
0.305,-0.003,0,0,,,,
0.31,-0.003,0,0,,,,
0.315,-0.003,0,0,,,,
0.32,-0.001,-0.003,0,,,,
0.325,-0.001,-0.003,0,,,,
0.33,-0.003,0,0,,,,
0.335,-0.003,0,0,,,,
0.34,-0.001,-0.003,0,,,,
0.345,-0.001,-0.003,0,,,,
0.35,-0.003,0,0,,,,
0.355,0,-0.003,0,,,,
0.36,0,-0.003,0,,,,
0.365,-0.005,0.003,0,,,,
0.37,-0.003,0,0,,,,
0.375,0.002,-0.005,0,,,,
0.38,0,-0.003,0,,,,
0.385,-0.002,0,0,,,,
0.39,0,-0.003,0,,,,
0.395,0,-0.003,0,,,,
0.4,-0.002,0,0,,,,
0.405,-0.004,0.003,0,,,,
0.41,0,-0.003,0,,,,
0.415,-0.002,0,0,,,,
0.42,0,-0.003,0,,,,
0.425,-0.002,0,0,,,,
0.43,-0.002,0,0,,,,
0.435,0.001,-0.003,0,,,,
0.44,-0.002,0,0,,,,
0.445,-0.002,0,0,,,,
0.45,0.001,-0.003,0,,,,
0.455,0.001,-0.003,0,,,,
0.46,0.001,-0.003,0,,,,
0.465,-0.001,0,0,,,,
0.47,0.001,-0.003,0,,,,
0.475,-0.001,0,0,,,,
0.48,-0.001,0,0,,,,
0.485,-0.001,0,0,,,,
0.49,0.004,-0.005,0,,,,
0.495,0.001,-0.003,0,,,,
0.5,-0.001,0,0,,,,
0.505,0.002,-0.003,0,,,,
0.51,0.002,-0.003,0,,,,
0.515,-0.001,0,0,,,,
0.52,-0.001,0,0,,,,
0.525,0.002,-0.003,0,,,,
0.53,0.002,-0.003,0,,,,
0.535,0,0,0,,,,
0.54,0,0,0,,,,
0.545,0.002,-0.003,0,,,,
0.55,0,0,0,,,,
0.555,-0.003,0.003,0,,,,
0.56,0,0,0,,,,
0.565,0.002,-0.003,0,,,,
0.57,0,0,0,,,,
0.575,0,0,0,,,,
0.58,0,0,0,,,,
0.585,0.002,-0.003,0,,,,
0.59,0,0,0,,,,
0.595,-0.002,0.003,0,,,,
0.6,0,0,0,,,,
0.605,0.002,-0.003,0,,,,
0.61,0,0,0,,,,
0.615,-0.002,0.003,0,,,,
0.62,0,0,0,,,,
0.625,0,0,0,,,,
0.63,-0.003,0.003,0,,,,
0.635,-0.003,0.003,0,,,,
0.64,0,0,0,,,,
0.645,0.002,-0.003,0,,,,
0.65,-0.003,0.003,0,,,,
0.655,0,0,0,,,,
0.66,0,0,0,,,,
0.665,0,0,0,,,,
0.67,-0.005,0.005,0,,,,
0.675,-0.001,0,0,,,,
0.68,-0.001,0,0,,,,
0.685,-0.003,0.003,0,,,,
0.69,-0.006,0.005,0,,,,
0.695,-0.003,0.003,0,,,,
0.7,-0.004,0.003,0,,,,
0.705,-0.001,0,0,,,,
0.71,-0.004,0.003,0,,,,
0.715,-0.004,0.003,0,,,,
0.72,-0.002,0,0,,,,
0.725,-0.006,0.005,0,,,,
0.73,-0.009,0.008,0,,,,
0.735,-0.002,0,0,,,,
0.74,-0.005,0.003,0,,,,
0.745,-0.005,0.003,0,,,,
0.75,-0.007,0.005,0,,,,
0.755,-0.005,0.003,0,,,,
0.76,-0.008,0.005,0,,,,
0.765,-0.008,0.005,0,,,,
0.77,-0.008,0.005,0,,,,
0.775,-0.006,0.003,0,,,,
0.78,-0.011,0.008,0,,,,
0.785,-0.009,0.005,0,,,,
0.79,-0.012,0.008,0,,,,
0.795,-0.007,0.003,0,,,,
0.8,-0.01,0.005,0,,,,
0.805,-0.013,0.008,0,,,,
0.81,-0.011,0.005,0,,,,
0.815,-0.011,0.005,0,,,,
0.82,-0.014,0.008,0,,,,
0.825,-0.014,0.008,0,,,,
0.83,-0.014,0.008,0,,,,
0.835,-0.012,0.005,0,,,,
0.84,-0.015,0.008,0,,,,
0.845,-0.015,0.008,0,,,,
0.85,-0.013,0.005,0,,,,
0.855,-0.014,0.005,0,,,,
0.86,-0.016,0.008,0,,,,
0.865,-0.017,0.008,0,,,,
0.87,-0.017,0.008,0,,,,
0.875,-0.018,0.008,0,,,,
0.88,-0.02,0.01,0,,,,
0.885,-0.019,0.008,0,,,,
0.89,-0.017,0.005,0,,,,
0.895,-0.019,0.008,0,,,,
0.9,-0.024,0.012,0,,,,
0.905,-0.018,0.005,0,,,,
0.91,-0.021,0.008,0,,,,
0.915,-0.023,0.01,0,,,,
0.92,-0.026,0.012,0,,,,
0.925,-0.022,0.008,0,,,,
0.93,-0.025,0.01,0,,,,
0.935,-0.026,0.01,0,,,,
0.94,-0.026,0.01,0,,,,
0.945,-0.027,0.01,0,,,,
0.95,-0.025,0.008,0,,,,
0.955,-0.025,0.008,0,,,,
0.96,-0.028,0.01,0,,,,
0.965,-0.028,0.01,0,,,,
0.97,-0.031,0.012,0,,,,
0.975,-0.032,0.012,0,,,,
0.98,-0.033,0.012,0,,,,
0.985,-0.031,0.01,0,,,,
0.99,-0.034,0.012,0,,,,
0.995,-0.035,0.012,0,,,,
1,3.824,0.012,4,,,,
1.005,3.63,0.435,4,,,,
1.01,3.431,0.84,4,,,,
1.015,3.304,1.148,4,,,,
1.02,3.272,1.34,4,,,,
1.025,3.225,1.538,4,,,,
1.03,3.193,1.708,4,,,,
1.035,3.224,1.803,4,,,,
1.04,3.2,1.95,4,,,,
1.045,3.204,2.06,4,,,,
1.05,3.215,2.158,4,,,,
1.055,3.198,2.278,4,,,,
1.06,3.225,2.345,4,,,,
1.065,3.232,2.43,4,,,,
1.07,3.198,2.553,4,,,,
1.075,3.247,2.582,4,,,,
1.08,3.244,2.665,4,,,,
1.085,3.241,2.743,4,,,,
1.09,3.251,2.803,4,,,,
1.095,3.243,2.878,4,,,,
1.1,3.235,2.947,4,,,,
1.105,3.292,2.947,4,,,,
1.11,3.228,3.072,4,,,,
1.115,3.254,3.097,4,,,,
1.12,3.256,3.145,4,,,,
1.125,3.22,3.23,4,,,,
1.13,3.274,3.217,4,,,,
1.135,3.241,3.295,4,,,,
1.14,3.264,3.31,4,,,,
1.145,3.217,3.398,4,,,,
1.15,3.206,3.442,4,,,,
1.155,3.263,3.415,4,,,,
1.16,3.171,3.543,4,,,,
1.165,3.217,3.52,4,,,,
1.17,3.219,3.545,4,,,,
1.175,3.188,3.602,4,,,,
1.18,3.19,3.622,4,,,,
1.185,3.206,3.628,4,,,,
1.19,3.175,3.68,4,,,,
1.195,3.17,3.702,4,,,,
1.2,3.177,3.713,4,,,,
1.205,3.134,3.772,4,,,,
1.21,3.161,3.758,4,,,,
1.215,3.176,3.755,4,,,,
1.22,3.088,3.86,4,,,,
1.225,3.086,3.87,4,,,,
1.23,3.129,3.832,4,,,,
1.235,3.122,3.85,4,,,,
1.24,3.101,3.88,4,,,,
1.245,3.126,3.86,4,,,,
1.25,3.139,3.855,4,,,,
1.255,3.074,3.93,4,,,,
1.26,3.08,3.928,4,,,,
1.265,3.132,3.878,4,,,,
1.27,3.081,3.938,4,,,,
1.275,3.051,3.972,4,,,,
1.28,3.074,3.95,4,,,,
1.285,3.067,3.96,4,,,,
1.29,2.999,4.033,4,,,,
1.295,2.993,4.037,4,,,,
1.3,3.034,3.993,4,,,,
1.305,3.03,3.997,4,,,,
1.31,2.998,4.03,4,,,,
1.315,3.033,3.993,4,,,,
1.32,3.072,3.952,4,,,,
1.325,3.017,4.012,4,,,,
1.33,2.992,4.037,4,,,,
1.335,3.009,4.017,4,,,,
1.34,3.006,4.02,4,,,,
1.345,2.937,4.09,4,,,,
1.35,2.956,4.065,4,,,,
1.355,3.016,4,4,,,,
1.36,3.018,3.997,4,,,,
1.365,2.943,4.075,4,,,,
1.37,2.937,4.078,4,,,,
1.375,2.969,4.04,4,,,,
1.38,2.957,4.05,4,,,,
1.385,2.942,4.062,4,,,,
1.39,2.963,4.037,4,,,,
1.395,2.98,4.017,4,,,,
1.4,2.939,4.06,4,,,,
1.405,2.906,4.09,4,,,,
1.41,2.935,4.055,4,,,,
1.415,2.973,4.012,4,,,,
1.42,2.939,4.047,4,,,,
1.425,2.924,4.06,4,,,,
1.43,2.933,4.047,4,,,,
1.435,2.935,4.043,4,,,,
1.44,2.875,4.102,4,,,,
1.445,2.901,4.07,4,,,,
1.45,2.948,4.017,4,,,,
1.455,2.954,4.01,4,,,,
1.46,2.867,4.1,4,,,,
1.465,2.859,4.102,4,,,,
1.47,2.911,4.043,4,,,,
1.475,2.926,4.025,4,,,,
1.48,2.891,4.06,4,,,,
1.485,2.888,4.06,4,,,,
1.49,2.909,4.035,4,,,,
1.495,2.878,4.065,4,,,,
1.5,2.857,4.082,4,,,,
1.505,2.896,4.037,4,,,,
1.51,2.938,3.993,4,,,,
1.515,2.888,4.045,4,,,,
1.52,2.871,4.06,4,,,,
1.525,2.892,4.035,4,,,,
1.53,2.89,4.035,4,,,,
1.535,2.842,4.082,4,,,,
1.54,2.862,4.057,4,,,,
1.545,2.914,4,4,,,,
1.55,2.912,4.003,4,,,,
1.555,2.839,4.078,4,,,,
1.56,2.825,4.088,4,,,,
1.565,2.876,4.03,4,,,,
1.57,2.877,4.027,4,,,,
1.575,2.856,4.047,4,,,,
1.58,2.88,4.02,4,,,,
1.585,2.913,3.985,4,,,,
1.59,2.865,4.035,4,,,,
1.595,2.835,4.065,4,,,,
1.6,2.862,4.033,4,,,,
1.605,2.887,4.005,4,,,,
1.61,2.831,4.062,4,,,,
1.615,2.859,4.03,4,,,,
1.62,2.901,3.985,4,,,,
1.625,2.897,3.99,4,,,,
1.63,2.811,4.08,4,,,,
1.635,2.819,4.068,4,,,,
1.64,2.858,4.023,4,,,,
1.645,2.862,4.017,4,,,,
1.65,2.837,4.043,4,,,,
1.655,2.871,4.005,4,,,,
1.66,2.907,3.967,4,,,,
1.665,2.858,4.02,4,,,,
1.67,2.826,4.053,4,,,,
1.675,2.849,4.025,4,,,,
1.68,2.858,4.015,4,,,,
1.685,2.816,4.057,4,,,,
1.69,2.837,4.033,4,,,,
1.695,2.883,3.983,4,,,,
1.7,2.894,3.972,4,,,,
1.705,2.825,4.045,4,,,,
1.71,2.813,4.055,4,,,,
1.715,2.856,4.008,4,,,,
1.72,2.836,4.027,4,,,,
1.725,2.813,4.05,4,,,,
1.73,2.859,4,4,,,,
1.735,2.895,3.963,4,,,,
1.74,2.842,4.02,4,,,,
1.745,2.85,4.01,4,,,,
1.75,2.866,3.993,4,,,,
1.755,2.872,3.988,4,,,,
1.76,2.795,4.068,4,,,,
1.765,2.799,4.06,4,,,,
1.77,2.856,3.997,4,,,,
1.775,2.858,3.995,4,,,,
1.78,2.832,4.023,4,,,,
1.785,2.865,3.988,4,,,,
1.79,2.889,3.963,4,,,,
1.795,2.853,4.003,4,,,,
1.8,2.824,4.033,4,,,,
1.805,2.853,4,4,,,,
1.81,2.856,3.997,4,,,,
1.815,2.798,4.057,4,,,,
1.82,2.809,4.043,4,,,,
1.825,2.872,3.975,4,,,,
1.83,2.881,3.967,4,,,,
1.835,2.839,4.012,4,,,,
1.84,2.843,4.008,4,,,,
1.845,2.865,3.985,4,,,,
1.85,2.844,4.008,4,,,,
1.855,2.812,4.04,4,,,,
1.86,2.844,4.005,4,,,,
1.865,2.858,3.99,4,,,,
1.87,2.815,4.035,4,,,,
1.875,2.828,4.02,4,,,,
1.88,2.887,3.957,4,,,,
1.885,2.894,3.952,4,,,,
1.89,2.831,4.02,4,,,,
1.895,2.83,4.02,4,,,,
1.9,2.861,3.988,4,,,,
1.905,2.844,4.005,4,,,,
1.91,2.805,4.045,4,,,,
1.915,2.846,4,4,,,,
1.92,2.875,3.97,4,,,,
1.925,2.824,4.025,4,,,,
1.93,2.84,4.008,4,,,,
1.935,2.883,3.963,4,,,,
1.94,2.889,3.957,4,,,,
1.945,2.814,4.037,4,,,,
1.95,2.815,4.035,4,,,,
1.955,2.847,4,4,,,,
1.96,2.837,4.01,4,,,,
1.965,2.812,4.035,4,,,,
1.97,2.854,3.99,4,,,,
1.975,2.886,3.957,4,,,,
1.98,2.842,4.005,4,,,,
1.985,2.844,4.003,4,,,,
1.99,2.876,3.97,4,,,,
1.995,2.872,3.975,4,,,,
2,2.801,4.05,4,,,,
2.005,2.804,4.045,4,,,,
2.01,2.849,3.995,4,,,,
2.015,2.85,3.995,4,,,,
2.02,2.826,4.02,4,,,,
2.025,2.859,3.985,4,,,,
2.03,2.905,3.938,4,,,,
2.035,2.855,3.993,4,,,,
2.04,2.841,4.008,4,,,,
2.045,2.863,3.985,4,,,,
2.05,2.871,3.977,4,,,,
2.055,2.797,4.055,4,,,,
2.06,2.806,4.043,4,,,,
2.065,2.857,3.988,4,,,,
2.07,2.875,3.97,4,,,,
2.075,2.833,4.015,4,,,,
2.08,2.866,3.98,4,,,,
2.085,2.91,3.935,4,,,,
2.09,2.853,3.997,4,,,,
2.095,2.827,4.025,4,,,,
2.1,2.855,3.995,4,,,,
2.105,2.862,3.988,4,,,,
2.11,2.8,4.053,4,,,,
2.115,2.821,4.027,4,,,,
2.12,2.88,3.965,4,,,,
2.125,2.887,3.96,4,,,,
2.13,2.836,4.015,4,,,,
2.135,2.842,4.008,4,,,,
2.14,2.881,3.967,4,,,,
2.145,2.837,4.015,4,,,,
2.15,2.809,4.043,4,,,,
2.155,2.846,4.003,4,,,,
2.16,2.874,3.972,4,,,,
2.165,2.828,4.023,4,,,,
2.17,2.846,4.003,4,,,,
2.175,2.879,3.967,4,,,,
2.18,2.888,3.96,4,,,,
2.185,2.816,4.037,4,,,,
2.19,2.809,4.043,4,,,,
2.195,2.845,4.003,4,,,,
2.2,2.847,4,4,,,,
2.205,2.818,4.03,4,,,,
2.21,2.855,3.99,4,,,,
2.215,2.895,3.95,4,,,,
2.22,2.851,3.997,4,,,,
2.225,2.842,4.008,4,,,,
2.23,2.873,3.975,4,,,,
2.235,2.874,3.975,4,,,,
2.24,2.798,4.055,4,,,,
2.245,2.805,4.045,4,,,,
2.25,2.863,3.983,4,,,,
2.255,2.866,3.98,4,,,,
2.26,2.846,4.003,4,,,,
2.265,2.865,3.983,4,,,,
2.27,2.9,3.947,4,,,,
2.275,2.854,3.997,4,,,,
2.28,2.833,4.02,4,,,,
2.285,2.858,3.993,4,,,,
2.29,2.866,3.985,4,,,,
2.295,2.809,4.045,4,,,,
2.3,2.83,4.02,4,,,,
2.305,2.882,3.965,4,,,,
2.31,2.896,3.952,4,,,,
2.315,2.846,4.008,4,,,,
2.32,2.845,4.008,4,,,,
2.325,2.869,3.983,4,,,,
2.33,2.846,4.008,4,,,,
2.335,2.819,4.035,4,,,,
2.34,2.846,4.005,4,,,,
2.345,2.882,3.967,4,,,,
2.35,2.84,4.012,4,,,,
2.355,2.852,4,4,,,,
2.36,2.888,3.963,4,,,,
2.365,2.897,3.955,4,,,,
2.37,2.817,4.04,4,,,,
2.375,2.808,4.047,4,,,,
2.38,2.851,4,4,,,,
2.385,2.854,3.997,4,,,,
2.39,2.83,4.023,4,,,,
2.395,2.87,3.98,4,,,,
2.4,2.914,3.935,4,,,,
2.405,2.857,3.997,4,,,,
2.41,2.84,4.015,4,,,,
2.415,2.864,3.99,4,,,,
2.42,2.867,3.988,4,,,,
2.425,2.8,4.057,4,,,,
2.43,2.823,4.03,4,,,,
2.435,2.882,3.967,4,,,,
2.44,2.891,3.96,4,,,,
2.445,2.84,4.015,4,,,,
2.45,2.851,4.003,4,,,,
2.455,2.892,3.96,4,,,,
2.46,2.851,4.005,4,,,,
2.465,2.822,4.035,4,,,,
2.47,2.851,4.003,4,,,,
2.475,2.885,3.967,4,,,,
2.48,2.836,4.02,4,,,,
2.485,2.857,3.997,4,,,,
2.49,2.883,3.97,4,,,,
2.495,2.897,3.957,4,,,,
2.5,2.82,4.04,4,,,,
2.505,2.81,4.047,4,,,,
2.51,2.853,4,4,,,,
2.515,2.858,3.995,4,,,,
2.52,2.834,4.02,4,,,,
2.525,2.857,3.995,4,,,,
2.53,2.896,3.955,4,,,,
2.535,2.858,3.997,4,,,,
2.54,2.822,4.035,4,,,,
2.545,2.846,4.008,4,,,,
2.55,2.868,3.985,4,,,,
2.555,2.815,4.04,4,,,,
2.56,2.833,4.02,4,,,,
2.565,2.889,3.96,4,,,,
2.57,2.889,3.963,4,,,,
2.575,2.816,4.04,4,,,,
2.58,2.807,4.047,4,,,,
2.585,2.845,4.005,4,,,,
2.59,2.845,4.005,4,,,,
2.595,2.826,4.025,4,,,,
2.6,2.865,3.983,4,,,,
2.605,2.907,3.94,4,,,,
2.61,2.85,4.003,4,,,,
2.615,2.828,4.025,4,,,,
2.62,2.844,4.008,4,,,,
2.625,2.863,3.988,4,,,,
2.63,2.808,4.045,4,,,,
2.635,2.83,4.02,4,,,,
2.64,2.874,3.972,4,,,,
2.645,2.89,3.957,4,,,,
2.65,2.815,4.037,4,,,,
2.655,2.806,4.045,4,,,,
2.66,2.847,4,4,,,,
2.665,2.847,4,4,,,,
2.67,2.825,4.023,4,,,,
2.675,2.858,3.988,4,,,,
2.68,2.89,3.955,4,,,,
2.685,2.851,3.997,4,,,,
2.69,2.823,4.027,4,,,,
2.695,2.848,4,4,,,,
2.7,2.86,3.988,4,,,,
2.705,2.803,4.047,4,,,,
2.71,2.827,4.02,4,,,,
2.715,2.883,3.96,4,,,,
2.72,2.888,3.957,4,,,,
2.725,2.815,4.035,4,,,,
2.73,2.809,4.04,4,,,,
2.735,2.843,4.003,4,,,,
2.74,2.835,4.01,4,,,,
2.745,2.823,4.023,4,,,,
2.75,2.863,3.98,4,,,,
2.755,2.902,3.94,4,,,,
2.76,2.85,3.997,4,,,,
2.765,2.831,4.017,4,,,,
2.77,2.847,4,4,,,,
2.775,2.859,3.988,4,,,,
2.78,2.802,4.047,4,,,,
2.785,2.828,4.017,4,,,,
2.79,2.878,3.965,4,,,,
2.795,2.896,3.947,4,,,,
2.8,2.824,4.025,4,,,,
2.805,2.811,4.037,4,,,,
2.81,2.85,3.995,4,,,,
2.815,2.846,4,4,,,,
2.82,2.814,4.033,4,,,,
2.825,2.856,3.988,4,,,,
2.83,2.895,3.947,4,,,,
2.835,2.852,3.995,4,,,,
2.84,2.826,4.023,4,,,,
2.845,2.846,4,4,,,,
2.85,2.858,3.988,4,,,,
2.855,2.796,4.053,4,,,,
2.86,2.818,4.027,4,,,,
2.865,2.881,3.96,4,,,,
2.87,2.896,3.947,4,,,,
2.875,2.819,4.03,4,,,,
2.88,2.812,4.035,4,,,,
2.885,2.849,3.995,4,,,,
2.89,2.835,4.01,4,,,,
2.895,2.815,4.03,4,,,,
2.9,2.862,3.98,4,,,,
2.905,2.896,3.945,4,,,,
2.91,2.851,3.995,4,,,,
2.915,2.837,4.01,4,,,,
2.92,2.853,3.993,4,,,,
2.925,2.859,3.988,4,,,,
2.93,2.794,4.055,4,,,,
2.935,2.815,4.03,4,,,,
2.94,2.874,3.967,4,,,,
2.945,2.893,3.95,4,,,,
2.95,2.83,4.017,4,,,,
2.955,2.822,4.025,4,,,,
2.96,2.857,3.988,4,,,,
2.965,2.841,4.005,4,,,,
2.97,2.814,4.033,4,,,,
2.975,2.851,3.993,4,,,,
2.98,2.897,3.945,4,,,,
2.985,2.847,4,4,,,,
2.99,2.842,4.005,4,,,,
2.995,2.861,3.985,4,,,,
3,2.862,3.985,4,,,,
3.005,2.793,4.057,4,,,,
3.01,2.804,4.043,4,,,,
3.015,2.867,3.975,4,,,,
3.02,2.883,3.96,4,,,,
3.025,2.832,4.015,4,,,,
3.03,2.833,4.012,4,,,,
3.035,2.854,3.99,4,,,,
3.04,2.836,4.01,4,,,,
3.045,2.806,4.04,4,,,,
3.05,2.847,3.995,4,,,,
3.055,2.884,3.957,4,,,,
3.06,2.845,4,4,,,,
3.065,2.835,4.01,4,,,,
3.07,2.859,3.985,4,,,,
3.075,2.86,3.985,4,,,,
3.08,2.793,4.055,4,,,,
3.085,2.8,4.045,4,,,,
3.09,2.863,3.977,4,,,,
3.095,2.881,3.96,4,,,,
3.1,2.835,4.01,4,,,,
3.105,2.829,4.015,4,,,,
3.11,2.872,3.97,4,,,,
3.115,2.837,4.008,4,,,,
3.12,2.803,4.043,4,,,,
3.125,2.842,4,4,,,,
3.13,2.885,3.955,4,,,,
3.135,2.839,4.005,4,,,,
3.14,2.844,4,4,,,,
3.145,2.866,3.977,4,,,,
3.15,2.867,3.977,4,,,,
3.155,2.788,4.06,4,,,,
3.16,2.795,4.05,4,,,,
3.165,2.86,3.98,4,,,,
3.17,2.868,3.972,4,,,,
3.175,2.831,4.012,4,,,,
3.18,2.84,4.003,4,,,,
3.185,2.866,3.975,4,,,,
3.19,2.839,4.005,4,,,,
3.195,2.809,4.035,4,,,,
3.2,2.834,4.008,4,,,,
3.205,2.87,3.97,4,,,,
3.21,2.828,4.015,4,,,,
3.215,2.837,4.005,4,,,,
3.22,2.873,3.967,4,,,,
3.225,2.875,3.967,4,,,,
3.23,2.799,4.047,4,,,,
3.235,2.792,4.053,4,,,,
3.24,2.837,4.003,4,,,,
3.245,2.854,3.985,4,,,,
3.25,2.826,4.015,4,,,,
3.255,2.847,3.993,4,,,,
3.26,2.893,3.945,4,,,,
3.265,2.843,4,4,,,,
3.27,2.804,4.04,4,,,,
3.275,2.831,4.01,4,,,,
3.28,2.864,3.975,4,,,,
3.285,2.805,4.037,4,,,,
3.29,2.827,4.012,4,,,,
3.295,2.873,3.965,4,,,,
3.3,2.884,3.955,4,,,,
3.305,2.797,4.047,4,,,,
3.31,2.792,4.05,4,,,,
3.315,2.835,4.003,4,,,,
3.32,2.835,4.003,4,,,,
3.325,2.813,4.025,4,,,,
3.33,2.851,3.985,4,,,,
3.335,2.885,3.95,4,,,,
3.34,2.842,3.997,4,,,,
3.345,2.825,4.015,4,,,,
3.35,2.837,4.003,4,,,,
3.355,2.846,3.993,4,,,,
3.36,2.791,4.05,4,,,,
3.365,2.805,4.033,4,,,,
3.37,2.854,3.98,4,,,,
3.375,2.879,3.955,4,,,,
3.38,2.824,4.015,4,,,,
3.385,2.818,4.02,4,,,,
3.39,2.841,3.995,4,,,,
3.395,2.834,4.003,4,,,,
3.4,2.803,4.035,4,,,,
3.405,2.832,4.003,4,,,,
3.41,2.873,3.96,4,,,,
3.415,2.83,4.008,4,,,,
3.42,2.832,4.005,4,,,,
3.425,2.858,3.977,4,,,,
3.43,2.861,3.975,4,,,,
3.435,2.786,4.055,4,,,,
3.44,2.79,4.047,4,,,,
3.445,2.84,3.993,4,,,,
3.45,2.848,3.985,4,,,,
3.455,2.827,4.008,4,,,,
3.46,2.846,3.988,4,,,,
3.465,2.888,3.945,4,,,,
3.47,2.833,4.005,4,,,,
3.475,2.808,4.03,4,,,,
3.48,2.831,4.005,4,,,,
3.485,2.848,3.988,4,,,,
3.49,2.795,4.043,4,,,,
3.495,2.824,4.01,4,,,,
3.5,2.869,3.963,4,,,,
3.505,2.884,3.95,4,,,,
3.51,2.811,4.027,4,,,,
3.515,2.805,4.033,4,,,,
3.52,2.84,3.995,4,,,,
3.525,2.828,4.008,4,,,,
3.53,2.806,4.03,4,,,,
3.535,2.843,3.99,4,,,,
3.54,2.872,3.96,4,,,,
3.545,2.838,3.997,4,,,,
3.55,2.838,3.997,4,,,,
3.555,2.863,3.972,4,,,,
3.56,2.859,3.977,4,,,,
3.565,2.786,4.055,4,,,,
3.57,2.785,4.053,4,,,,
3.575,2.838,3.995,4,,,,
3.58,2.845,3.988,4,,,,
3.585,2.819,4.015,4,,,,
3.59,2.843,3.99,4,,,,
3.595,2.882,3.95,4,,,,
3.6,2.839,3.997,4,,,,
3.605,2.81,4.027,4,,,,
3.61,2.832,4.003,4,,,,
3.615,2.842,3.993,4,,,,
3.62,2.782,4.055,4,,,,
3.625,2.808,4.025,4,,,,
3.63,2.865,3.965,4,,,,
3.635,2.871,3.96,4,,,,
3.64,2.816,4.02,4,,,,
3.645,2.812,4.023,4,,,,
3.65,2.842,3.99,4,,,,
3.655,2.824,4.01,4,,,,
3.66,2.799,4.035,4,,,,
3.665,2.836,3.995,4,,,,
3.67,2.86,3.97,4,,,,
3.675,2.816,4.017,4,,,,
3.68,2.832,4,4,,,,
3.685,2.863,3.967,4,,,,
3.69,2.872,3.96,4,,,,
3.695,2.797,4.04,4,,,,
3.7,2.802,4.033,4,,,,
3.705,2.834,3.997,4,,,,
3.71,2.829,4.003,4,,,,
3.715,2.798,4.035,4,,,,
3.72,2.839,3.99,4,,,,
3.725,2.881,3.947,4,,,,
3.73,2.831,4.003,4,,,,
3.735,2.823,4.01,4,,,,
3.74,2.847,3.985,4,,,,
3.745,2.857,3.975,4,,,,
3.75,2.777,4.06,4,,,,
3.755,2.783,4.05,4,,,,
3.76,2.834,3.995,4,,,,
3.765,2.841,3.988,4,,,,
3.77,2.813,4.017,4,,,,
3.775,2.838,3.99,4,,,,
3.78,2.887,3.94,4,,,,
3.785,2.83,4.003,4,,,,
3.79,2.803,4.03,4,,,,
3.795,2.826,4.005,4,,,,
3.8,2.843,3.988,4,,,,
3.805,2.78,4.053,4,,,,
3.81,2.799,4.03,4,,,,
3.815,2.856,3.97,4,,,,
3.82,2.869,3.957,4,,,,
3.825,2.816,4.015,4,,,,
3.83,2.823,4.008,4,,,,
3.835,2.858,3.97,4,,,,
3.84,2.824,4.008,4,,,,
3.845,2.787,4.045,4,,,,
3.85,2.826,4.003,4,,,,
3.855,2.85,3.977,4,,,,
3.86,2.803,4.027,4,,,,
3.865,2.816,4.012,4,,,,
3.87,2.868,3.957,4,,,,
3.875,2.875,3.952,4,,,,
3.88,2.808,4.025,4,,,,
3.885,2.802,4.03,4,,,,
3.89,2.843,3.985,4,,,,
3.895,2.823,4.008,4,,,,
3.9,2.788,4.043,4,,,,
3.905,2.825,4.003,4,,,,
3.91,2.863,3.963,4,,,,
3.915,2.81,4.02,4,,,,
3.92,2.823,4.005,4,,,,
3.925,2.859,3.967,4,,,,
3.93,2.866,3.963,4,,,,
3.935,2.788,4.045,4,,,,
3.94,2.79,4.04,4,,,,
3.945,2.829,3.997,4,,,,
3.95,2.82,4.008,4,,,,
3.955,2.795,4.033,4,,,,
3.96,2.834,3.99,4,,,,
3.965,2.869,3.955,4,,,,
3.97,2.828,4,4,,,,
3.975,2.83,3.997,4,,,,
3.98,2.852,3.975,4,,,,
3.985,2.849,3.98,4,,,,
3.99,2.78,4.053,4,,,,
3.995,2.779,4.05,4,,,,
4,2.825,4,4,,,,
4.005,2.83,3.995,4,,,,
4.01,2.811,4.015,4,,,,
4.015,2.834,3.99,4,,,,
4.02,2.875,3.947,4,,,,
4.025,2.835,3.993,4,,,,
4.03,2.828,4,4,,,,
4.035,2.845,3.983,4,,,,
4.04,2.851,3.977,4,,,,
4.045,2.784,4.047,4,,,,
4.05,2.784,4.045,4,,,,
4.055,2.825,4,4,,,,
4.06,2.84,3.985,4,,,,
4.065,2.809,4.017,4,,,,
4.07,2.842,3.983,4,,,,
4.075,2.882,3.943,4,,,,
4.08,2.834,3.995,4,,,,
4.085,2.817,4.012,4,,,,
4.09,2.846,3.983,4,,,,
4.095,2.844,3.985,4,,,,
4.1,2.775,4.057,4,,,,
4.105,2.779,4.05,4,,,,
4.11,2.834,3.99,4,,,,
4.115,2.835,3.99,4,,,,
4.12,2.811,4.015,4,,,,
4.125,2.839,3.985,4,,,,
4.13,2.874,3.95,4,,,,
4.135,2.828,4,4,,,,
4.14,2.814,4.015,4,,,,
4.145,2.835,3.993,4,,,,
4.15,2.838,3.99,4,,,,
4.155,2.771,4.06,4,,,,
4.16,2.787,4.04,4,,,,
4.165,2.843,3.98,4,,,,
4.17,2.851,3.972,4,,,,
4.175,2.819,4.008,4,,,,
4.18,2.835,3.99,4,,,,
4.185,2.867,3.957,4,,,,
4.19,2.831,3.997,4,,,,
4.195,2.804,4.025,4,,,,
4.2,2.822,4.005,4,,,,
4.205,2.836,3.99,4,,,,
4.21,2.781,4.047,4,,,,
4.215,2.791,4.035,4,,,,
4.22,2.847,3.975,4,,,,
4.225,2.863,3.96,4,,,,
4.23,2.817,4.01,4,,,,
4.235,2.828,3.997,4,,,,
4.24,2.857,3.967,4,,,,
4.245,2.818,4.01,4,,,,
4.25,2.793,4.035,4,,,,
4.255,2.828,3.997,4,,,,
4.26,2.845,3.98,4,,,,
4.265,2.79,4.037,4,,,,
4.27,2.803,4.023,4,,,,
4.275,2.862,3.96,4,,,,
4.28,2.866,3.957,4,,,,
4.285,2.82,4.008,4,,,,
4.29,2.825,4.003,4,,,,
4.295,2.854,3.972,4,,,,
4.3,2.826,4.003,4,,,,
4.305,2.797,4.033,4,,,,
4.31,2.824,4.003,4,,,,
4.315,2.843,3.983,4,,,,
4.32,2.791,4.037,4,,,,
4.325,2.809,4.017,4,,,,
4.33,2.861,3.963,4,,,,
4.335,2.868,3.957,4,,,,
4.34,2.807,4.023,4,,,,
4.345,2.806,4.023,4,,,,
4.35,2.836,3.99,4,,,,
4.355,2.815,4.012,4,,,,
4.36,2.79,4.037,4,,,,
4.365,2.824,4,4,,,,
4.37,2.851,3.972,4,,,,
4.375,2.804,4.023,4,,,,
4.38,2.817,4.008,4,,,,
4.385,2.86,3.963,4,,,,
4.39,2.867,3.957,4,,,,
4.395,2.804,4.025,4,,,,
4.4,2.801,4.027,4,,,,
4.405,2.83,3.995,4,,,,
4.41,2.821,4.005,4,,,,
4.415,2.792,4.035,4,,,,
4.42,2.836,3.988,4,,,,
4.425,2.861,3.963,4,,,,
4.43,2.81,4.017,4,,,,
4.435,2.823,4.003,4,,,,
4.44,2.869,3.955,4,,,,
4.445,2.874,3.952,4,,,,
4.45,2.797,4.035,4,,,,
4.455,2.797,4.033,4,,,,
4.46,2.834,3.993,4,,,,
4.465,2.82,4.008,4,,,,
4.47,2.793,4.035,4,,,,
4.475,2.842,3.983,4,,,,
4.48,2.872,3.952,4,,,,
4.485,2.824,4.005,4,,,,
4.49,2.826,4.003,4,,,,
4.495,2.862,3.965,4,,,,
4.5,2.861,3.967,4,,,,
4.505,2.791,4.043,4,,,,
4.51,2.786,4.045,4,,,,
4.515,2.824,4.003,4,,,,
4.52,2.827,4,4,,,,
4.525,2.807,4.02,4,,,,
4.53,2.843,3.983,4,,,,
4.535,2.887,3.938,4,,,,
4.54,2.837,3.993,4,,,,
4.545,2.826,4.005,4,,,,
4.55,2.849,3.98,4,,,,
4.555,2.853,3.977,4,,,,
4.56,2.787,4.047,4,,,,
4.565,2.784,4.047,4,,,,
4.57,2.834,3.993,4,,,,
4.575,2.849,3.977,4,,,,
4.58,2.822,4.008,4,,,,
4.585,2.848,3.98,4,,,,
4.59,2.899,3.928,4,,,,
4.595,2.833,4,4,,,,
4.6,2.819,4.015,4,,,,
4.605,2.842,3.99,4,,,,
4.61,2.848,3.985,4,,,,
4.615,2.778,4.057,4,,,,
4.62,2.79,4.043,4,,,,
4.625,2.855,3.972,4,,,,
4.63,2.864,3.965,4,,,,
4.635,2.827,4.005,4,,,,
4.64,2.846,3.985,4,,,,
4.645,2.886,3.945,4,,,,
4.65,2.838,3.997,4,,,,
4.655,2.802,4.035,4,,,,
4.66,2.834,4,4,,,,
4.665,2.846,3.988,4,,,,
4.67,2.796,4.04,4,,,,
4.675,2.818,4.015,4,,,,
4.68,2.875,3.955,4,,,,
4.685,2.875,3.957,4,,,,
4.69,2.822,4.015,4,,,,
4.695,2.821,4.015,4,,,,
4.7,2.856,3.977,4,,,,
4.705,2.828,4.008,4,,,,
4.71,2.799,4.037,4,,,,
4.715,2.833,4,4,,,,
4.72,2.867,3.965,4,,,,
4.725,2.823,4.012,4,,,,
4.73,2.839,3.995,4,,,,
4.735,2.871,3.963,4,,,,
4.74,2.873,3.963,4,,,,
4.745,2.795,4.045,4,,,,
4.75,2.793,4.045,4,,,,
4.755,2.841,3.993,4,,,,
4.76,2.839,3.995,4,,,,
4.765,2.811,4.025,4,,,,
4.77,2.85,3.983,4,,,,
4.775,2.89,3.943,4,,,,
4.78,2.84,3.997,4,,,,
4.785,2.821,4.017,4,,,,
4.79,2.849,3.988,4,,,,
4.795,2.849,3.988,4,,,,
4.8,2.787,4.053,4,,,,
4.805,2.804,4.033,4,,,,
4.81,2.86,3.972,4,,,,
4.815,2.871,3.963,4,,,,
4.82,2.827,4.01,4,,,,
4.825,2.829,4.008,4,,,,
4.83,2.853,3.983,4,,,,
4.835,2.822,4.015,4,,,,
4.84,2.807,4.03,4,,,,
4.845,2.837,3.997,4,,,,
4.85,2.866,3.967,4,,,,
4.855,2.824,4.012,4,,,,
4.86,2.833,4.003,4,,,,
4.865,2.874,3.96,4,,,,
4.87,2.876,3.96,4,,,,
4.875,2.801,4.04,4,,,,
4.88,2.792,4.047,4,,,,
4.885,2.837,3.997,4,,,,
4.89,2.845,3.99,4,,,,
4.895,2.814,4.023,4,,,,
4.9,2.856,3.977,4,,,,
4.905,2.906,3.928,4,,,,
4.91,2.849,3.99,4,,,,
4.915,2.818,4.023,4,,,,
4.92,2.851,3.988,4,,,,
4.925,2.856,3.983,4,,,,
4.93,2.787,4.055,4,,,,
4.935,2.806,4.033,4,,,,
4.94,2.867,3.967,4,,,,
4.945,2.879,3.957,4,,,,
4.95,2.833,4.008,4,,,,
4.955,2.839,4,4,,,,
4.96,2.876,3.963,4,,,,
4.965,2.834,4.008,4,,,,
4.97,2.803,4.04,4,,,,
4.975,2.841,3.997,4,,,,
4.98,2.87,3.967,4,,,,
4.985,2.824,4.017,4,,,,
4.99,2.847,3.993,4,,,,
4.995,2.876,3.963,4,,,,
5,2.876,3.965,4,,,,
5.005,2.794,4.053,4,,,,
5.01,2.796,4.047,4,,,,
5.015,2.836,4.003,4,,,,
5.02,2.848,3.99,4,,,,
5.025,2.825,4.015,4,,,,
5.03,2.846,3.993,4,,,,
5.035,2.882,3.955,4,,,,
5.04,2.848,3.993,4,,,,
5.045,2.813,4.03,4,,,,
5.05,2.838,4.003,4,,,,
5.055,2.866,3.972,4,,,,
5.06,2.805,4.037,4,,,,
5.065,2.832,4.008,4,,,,
5.07,2.878,3.96,4,,,,
5.075,2.885,3.955,4,,,,
5.08,2.807,4.037,4,,,,
5.085,2.805,4.037,4,,,,
5.09,2.844,3.995,4,,,,
5.095,2.837,4.003,4,,,,
5.1,2.818,4.023,4,,,,
5.105,2.863,3.975,4,,,,
5.11,2.902,3.935,4,,,,
5.115,2.846,3.997,4,,,,
5.12,2.831,4.012,4,,,,
5.125,2.852,3.99,4,,,,
5.13,2.858,3.985,4,,,,
5.135,2.793,4.053,4,,,,
5.14,2.812,4.03,4,,,,
5.145,2.871,3.967,4,,,,
5.15,2.885,3.955,4,,,,
5.155,2.829,4.015,4,,,,
5.16,2.826,4.017,4,,,,
5.165,2.861,3.98,4,,,,
5.17,2.836,4.008,4,,,,
5.175,2.804,4.04,4,,,,
5.18,2.848,3.993,4,,,,
5.185,2.884,3.955,4,,,,
5.19,2.841,4.003,4,,,,
5.195,2.838,4.005,4,,,,
5.2,2.862,3.98,4,,,,
5.205,2.866,3.977,4,,,,
5.21,2.787,4.06,4,,,,
5.215,2.796,4.047,4,,,,
5.22,2.864,3.975,4,,,,
5.225,2.875,3.965,4,,,,
5.23,2.828,4.015,4,,,,
5.235,2.837,4.005,4,,,,
5.24,2.859,3.983,4,,,,
5.245,2.833,4.01,4,,,,
5.25,2.808,4.035,4,,,,
5.255,2.867,3.972,4,,,,
5.26,2.907,3.932,4,,,,
5.265,2.886,3.957,4,,,,
5.27,2.93,3.915,4,,,,
5.275,3.004,3.842,4,,,,
5.28,3.029,3.825,4,,,,
5.285,3.02,3.845,4,,,,
5.29,3.081,3.79,4,,,,
5.295,3.128,3.753,4,,,,
5.3,3.115,3.78,4,,,,
5.305,3.18,3.725,4,,,,
5.31,3.231,3.688,4,,,,
5.315,3.163,3.775,4,,,,
5.32,3.2,3.75,4,,,,
5.325,3.295,3.665,4,,,,
5.33,3.262,3.717,4,,,,
5.335,3.258,3.737,4,,,,
5.34,3.323,3.685,4,,,,
5.345,3.338,3.688,4,,,,
5.35,3.33,3.713,4,,,,
5.355,3.367,3.69,4,,,,
5.36,3.379,3.695,4,,,,
5.365,3.398,3.693,4,,,,
5.37,3.424,3.683,4,,,,
5.375,3.412,3.713,4,,,,
5.38,3.418,3.722,4,,,,
5.385,3.481,3.672,4,,,,
5.39,3.47,3.702,4,,,,
5.395,3.43,3.76,4,,,,
5.4,3.489,3.713,4,,,,
5.405,3.543,3.672,4,,,,
5.41,3.484,3.753,4,,,,
5.415,3.504,3.745,4,,,,
5.42,3.532,3.73,4,,,,
5.425,3.503,3.775,4,,,,
5.43,3.547,3.742,4,,,,
5.435,3.587,3.715,4,,,,
5.44,3.511,3.81,4,,,,
5.445,3.516,3.815,4,,,,
5.45,3.591,3.747,4,,,,
5.455,3.588,3.765,4,,,,
5.46,3.572,3.795,4,,,,
5.465,3.609,3.767,4,,,,
5.47,3.598,3.793,4,,,,
5.475,3.556,3.848,4,,,,
5.48,3.595,3.815,4,,,,
5.485,3.622,3.798,4,,,,
5.49,3.578,3.855,4,,,,
5.495,3.6,3.84,4,,,,
5.5,3.659,3.787,4,,,,
5.505,3.62,3.84,4,,,,
5.51,3.609,3.86,4,,,,
5.515,3.641,3.835,4,,,,
5.52,3.642,3.842,4,,,,
5.525,3.6,3.895,4,,,,
5.53,3.625,3.875,4,,,,
5.535,3.646,3.86,4,,,,
5.54,3.589,3.928,4,,,,
5.545,3.593,3.928,4,,,,
5.55,3.642,3.88,4,,,,
5.555,3.639,3.89,4,,,,
5.56,3.609,3.928,4,,,,
5.565,3.644,3.895,4,,,,
5.57,3.669,3.875,4,,,,
5.575,3.599,3.955,4,,,,
5.58,3.608,3.947,4,,,,
5.585,3.652,3.905,4,,,,
5.59,3.645,3.918,4,,,,
5.595,3.611,3.957,4,,,,
5.6,3.659,3.91,4,,,,
5.605,3.674,3.9,4,,,,
5.61,3.609,3.972,4,,,,
5.615,3.618,3.965,4,,,,
5.62,3.675,3.907,4,,,,
5.625,3.654,3.935,4,,,,
5.63,3.631,3.963,4,,,,
5.635,3.681,3.913,4,,,,
5.64,3.702,3.895,4,,,,
5.645,3.631,3.975,4,,,,
5.65,3.666,3.94,4,,,,
5.655,3.722,3.885,4,,,,
5.66,3.709,3.905,4,,,,
5.665,3.685,3.935,4,,,,
5.67,3.737,3.885,4,,,,
5.675,3.743,3.885,4,,,,
5.68,3.679,3.957,4,,,,
5.685,3.691,3.947,4,,,,
5.69,3.738,3.902,4,,,,
5.695,3.709,3.938,4,,,,
5.7,3.688,3.963,4,,,,
5.705,3.727,3.925,4,,,,
5.71,3.728,3.928,4,,,,
5.715,3.662,4,4,,,,
5.72,3.686,3.975,4,,,,
5.725,3.719,3.943,4,,,,
5.73,3.715,3.95,4,,,,
5.735,3.691,3.977,4,,,,
5.74,3.721,3.947,4,,,,
5.745,3.748,3.923,4,,,,
5.75,3.702,3.975,4,,,,
5.755,3.703,3.975,4,,,,
5.76,3.731,3.947,4,,,,
5.765,3.731,3.95,4,,,,
5.77,3.669,4.017,4,,,,
5.775,3.656,4.03,4,,,,
5.78,3.69,3.993,4,,,,
5.785,3.688,3.995,4,,,,
5.79,3.667,4.017,4,,,,
5.795,3.7,3.983,4,,,,
5.8,3.739,3.943,4,,,,
5.805,3.692,3.995,4,,,,
5.81,3.682,4.005,4,,,,
5.815,3.701,3.985,4,,,,
5.82,3.705,3.983,4,,,,
5.825,3.631,4.06,4,,,,
5.83,3.642,4.045,4,,,,
5.835,3.697,3.985,4,,,,
5.84,3.708,3.975,4,,,,
5.845,3.671,4.015,4,,,,
5.85,3.689,3.995,4,,,,
5.855,3.728,3.955,4,,,,
5.86,3.673,4.015,4,,,,
5.865,3.645,4.043,4,,,,
5.87,3.684,4,4,,,,
5.875,3.698,3.985,4,,,,
5.88,3.651,4.035,4,,,,
5.885,3.676,4.008,4,,,,
5.89,3.714,3.967,4,,,,
5.895,3.703,3.98,4,,,,
5.9,3.637,4.05,4,,,,
5.905,3.629,4.055,4,,,,
5.91,3.67,4.01,4,,,,
5.915,3.669,4.01,4,,,,
5.92,3.662,4.017,4,,,,
5.925,3.685,3.993,4,,,,
5.93,3.719,3.957,4,,,,
5.935,3.68,4,4,,,,
5.94,3.656,4.025,4,,,,
5.945,3.667,4.012,4,,,,
5.95,3.678,4,4,,,,
5.955,3.62,4.06,4,,,,
5.96,3.636,4.04,4,,,,
5.965,3.692,3.98,4,,,,
5.97,3.717,3.955,4,,,,
5.975,3.664,4.012,4,,,,
5.98,3.656,4.02,4,,,,
5.985,3.692,3.983,4,,,,
5.99,3.661,4.015,4,,,,
5.995,3.622,4.055,4,,,,
6,3.669,4.003,4,,,,
6.005,3.698,3.972,4,,,,
6.01,3.644,4.03,4,,,,
6.015,3.664,4.008,4,,,,
6.02,3.695,3.975,4,,,,
6.025,3.699,3.972,4,,,,
6.03,3.623,4.053,4,,,,
6.035,3.628,4.045,4,,,,
6.04,3.664,4.005,4,,,,
6.045,3.664,4.005,4,,,,
6.05,3.639,4.03,4,,,,
6.055,3.686,3.98,4,,,,
6.06,3.723,3.943,4,,,,
6.065,3.671,4,4,,,,
6.07,3.654,4.017,4,,,,
6.075,3.675,3.995,4,,,,
6.08,3.672,3.997,4,,,,
6.085,3.617,4.055,4,,,,
6.09,3.624,4.045,4,,,,
6.095,3.684,3.98,4,,,,
6.1,3.697,3.967,4,,,,
6.105,3.66,4.008,4,,,,
6.11,3.667,4,4,,,,
6.115,3.715,3.95,4,,,,
6.12,3.672,3.997,4,,,,
6.125,3.646,4.025,4,,,,
6.13,3.669,4,4,,,,
6.135,3.69,3.977,4,,,,
6.14,3.624,4.047,4,,,,
6.145,3.641,4.027,4,,,,
6.15,3.695,3.97,4,,,,
6.155,3.708,3.957,4,,,,
6.16,3.648,4.023,4,,,,
6.165,3.654,4.015,4,,,,
6.17,3.694,3.972,4,,,,
6.175,3.657,4.012,4,,,,
6.18,3.623,4.047,4,,,,
6.185,3.666,4,4,,,,
6.19,3.688,3.977,4,,,,
6.195,3.641,4.027,4,,,,
6.2,3.661,4.005,4,,,,
6.205,3.694,3.97,4,,,,
6.21,3.694,3.972,4,,,,
6.215,3.632,4.037,4,,,,
6.22,3.626,4.043,4,,,,
6.225,3.662,4.003,4,,,,
6.23,3.654,4.01,4,,,,
6.235,3.632,4.033,4,,,,
6.24,3.667,3.995,4,,,,
6.245,3.703,3.957,4,,,,
6.25,3.662,4.003,4,,,,
6.255,3.657,4.008,4,,,,
6.26,3.678,3.985,4,,,,
6.265,3.677,3.988,4,,,,
6.27,3.61,4.057,4,,,,
6.275,3.609,4.055,4,,,,
6.28,3.657,4.003,4,,,,
6.285,3.674,3.985,4,,,,
6.29,3.646,4.015,4,,,,
6.295,3.662,3.997,4,,,,
6.3,3.708,3.95,4,,,,
6.305,3.669,3.993,4,,,,
6.31,3.638,4.025,4,,,,
6.315,3.661,4,4,,,,
6.32,3.666,3.995,4,,,,
6.325,3.603,4.06,4,,,,
6.33,3.617,4.043,4,,,,
6.335,3.673,3.983,4,,,,
6.34,3.681,3.975,4,,,,
6.345,3.651,4.008,4,,,,
6.35,3.667,3.99,4,,,,
6.355,3.694,3.963,4,,,,
6.36,3.655,4.005,4,,,,
6.365,3.638,4.023,4,,,,
6.37,3.659,4,4,,,,
6.375,3.659,4,4,,,,
6.38,3.606,4.055,4,,,,
6.385,3.627,4.03,4,,,,
6.39,3.673,3.98,4,,,,
6.395,3.682,3.972,4,,,,
6.4,3.652,4.005,4,,,,
6.405,3.661,3.995,4,,,,
6.41,3.688,3.967,4,,,,
6.415,3.656,4.003,4,,,,
6.42,3.629,4.03,4,,,,
6.425,3.652,4.005,4,,,,
6.43,3.659,3.997,4,,,,
6.435,3.613,4.045,4,,,,
6.44,3.623,4.033,4,,,,
6.445,3.674,3.977,4,,,,
6.45,3.69,3.963,4,,,,
6.455,3.651,4.005,4,,,,
6.46,3.655,4,4,,,,
6.465,3.682,3.972,4,,,,
6.47,3.657,4,4,,,,
6.475,3.626,4.033,4,,,,
6.48,3.658,3.997,4,,,,
6.485,3.67,3.985,4,,,,
6.49,3.605,4.053,4,,,,
6.495,3.624,4.03,4,,,,
6.5,3.676,3.975,4,,,,
6.505,3.684,3.967,4,,,,
6.51,3.64,4.015,4,,,,
6.515,3.661,3.993,4,,,,
6.52,3.691,3.963,4,,,,
6.525,3.649,4.008,4,,,,
6.53,3.629,4.027,4,,,,
6.535,3.659,3.995,4,,,,
6.54,3.669,3.985,4,,,,
6.545,3.605,4.053,4,,,,
6.55,3.626,4.027,4,,,,
6.555,3.675,3.975,4,,,,
6.56,3.679,3.972,4,,,,
6.565,3.652,4.003,4,,,,
6.57,3.666,3.988,4,,,,
6.575,3.693,3.96,4,,,,
6.58,3.659,3.997,4,,,,
6.585,3.635,4.023,4,,,,
6.59,3.66,3.995,4,,,,
6.595,3.666,3.99,4,,,,
6.6,3.613,4.045,4,,,,
6.605,3.618,4.037,4,,,,
6.61,3.671,3.98,4,,,,
6.615,3.68,3.972,4,,,,
6.62,3.647,4.008,4,,,,
6.625,3.659,3.995,4,,,,
6.63,3.698,3.955,4,,,,
6.635,3.662,3.995,4,,,,
6.64,3.638,4.02,4,,,,
6.645,3.661,3.995,4,,,,
6.65,3.671,3.985,4,,,,
6.655,3.604,4.055,4,,,,
6.66,3.611,4.045,4,,,,
6.665,3.671,3.98,4,,,,
6.67,3.677,3.975,4,,,,
6.675,3.635,4.02,4,,,,
6.68,3.67,3.983,4,,,,
6.685,3.705,3.947,4,,,,
6.69,3.662,3.995,4,,,,
6.695,3.64,4.017,4,,,,
6.7,3.671,3.985,4,,,,
6.705,3.669,3.988,4,,,,
6.71,3.602,4.057,4,,,,
6.715,3.616,4.04,4,,,,
6.72,3.665,3.988,4,,,,
6.725,3.668,3.985,4,,,,
6.73,3.642,4.012,4,,,,
6.735,3.673,3.98,4,,,,
6.74,3.703,3.95,4,,,,
6.745,3.664,3.993,4,,,,
6.75,3.653,4.005,4,,,,
6.755,3.667,3.99,4,,,,
6.76,3.67,3.988,4,,,,
6.765,3.61,4.05,4,,,,
6.77,3.617,4.04,4,,,,
6.775,3.658,3.995,4,,,,
6.78,3.668,3.985,4,,,,
6.785,3.643,4.012,4,,,,
6.79,3.666,3.988,4,,,,
6.795,3.705,3.947,4,,,,
6.8,3.665,3.993,4,,,,
6.805,3.66,3.997,4,,,,
6.81,3.663,3.995,4,,,,
6.815,3.678,3.98,4,,,,
6.82,3.611,4.05,4,,,,
6.825,3.608,4.05,4,,,,
6.83,3.664,3.99,4,,,,
6.835,3.671,3.983,4,,,,
6.84,3.641,4.015,4,,,,
6.845,3.674,3.98,4,,,,
6.85,3.714,3.94,4,,,,
6.855,3.666,3.993,4,,,,
6.86,3.659,4,4,,,,
6.865,3.676,3.983,4,,,,
6.87,3.677,3.983,4,,,,
6.875,3.606,4.057,4,,,,
6.88,3.615,4.045,4,,,,
6.885,3.665,3.99,4,,,,
6.89,3.663,3.993,4,,,,
6.895,3.642,4.015,4,,,,
6.9,3.68,3.975,4,,,,
6.905,3.71,3.945,4,,,,
6.91,3.66,4,4,,,,
6.915,3.665,3.995,4,,,,
6.92,3.677,3.983,4,,,,
6.925,3.669,3.993,4,,,,
6.93,3.609,4.055,4,,,,
6.935,3.618,4.043,4,,,,
6.94,3.661,3.995,4,,,,
6.945,3.664,3.993,4,,,,
6.95,3.652,4.005,4,,,,
6.955,3.674,3.983,4,,,,
6.96,3.704,3.952,4,,,,
6.965,3.672,3.988,4,,,,
6.97,3.661,4,4,,,,
6.975,3.673,3.988,4,,,,
6.98,3.679,3.983,4,,,,
6.985,3.612,4.053,4,,,,
6.99,3.612,4.05,4,,,,
6.995,3.667,3.99,4,,,,
7,3.672,3.985,4,,,,
7.005,3.649,4.01,4,,,,
7.01,3.675,3.983,4,,,,
7.015,3.71,3.947,4,,,,
7.02,3.669,3.993,4,,,,
7.025,3.66,4.003,4,,,,
7.03,3.679,3.983,4,,,,
7.035,3.682,3.98,4,,,,
7.04,3.609,4.057,4,,,,
7.045,3.617,4.045,4,,,,
7.05,3.673,3.985,4,,,,
7.055,3.674,3.985,4,,,,
7.06,3.648,4.012,4,,,,
7.065,3.686,3.972,4,,,,
7.07,3.714,3.945,4,,,,
7.075,3.669,3.995,4,,,,
7.08,3.659,4.005,4,,,,
7.085,3.678,3.985,4,,,,
7.09,3.674,3.99,4,,,,
7.095,3.615,4.053,4,,,,
7.1,3.621,4.043,4,,,,
7.105,3.667,3.993,4,,,,
7.11,3.68,3.98,4,,,,
7.115,3.659,4.003,4,,,,
7.12,3.683,3.977,4,,,,
7.125,3.713,3.947,4,,,,
7.13,3.675,3.99,4,,,,
7.135,3.656,4.01,4,,,,
7.14,3.673,3.993,4,,,,
7.145,3.678,3.988,4,,,,
7.15,3.621,4.047,4,,,,
7.155,3.63,4.035,4,,,,
7.16,3.689,3.972,4,,,,
7.165,3.7,3.963,4,,,,
7.17,3.663,4.003,4,,,,
7.175,3.697,3.967,4,,,,
7.18,3.732,3.932,4,,,,
7.185,3.685,3.985,4,,,,
7.19,3.672,4,4,,,,
7.195,3.708,3.963,4,,,,
7.2,3.707,3.965,4,,,,
7.205,3.642,4.035,4,,,,
7.21,3.647,4.027,4,,,,
7.215,3.691,3.98,4,,,,
7.22,3.69,3.983,4,,,,
7.225,3.669,4.005,4,,,,
7.23,3.708,3.965,4,,,,
7.235,3.736,3.938,4,,,,
7.24,3.686,3.993,4,,,,
7.245,3.689,3.99,4,,,,
7.25,3.714,3.965,4,,,,
7.255,3.709,3.972,4,,,,
7.26,3.64,4.045,4,,,,
7.265,3.64,4.043,4,,,,
7.27,3.691,3.988,4,,,,
7.275,3.689,3.99,4,,,,
7.28,3.67,4.01,4,,,,
7.285,3.696,3.983,4,,,,
7.29,3.721,3.957,4,,,,
7.295,3.688,3.995,4,,,,
7.3,3.671,4.012,4,,,,
7.305,3.687,3.995,4,,,,
7.31,3.69,3.993,4,,,,
7.315,3.637,4.047,4,,,,
7.32,3.642,4.04,4,,,,
7.325,3.7,3.977,4,,,,
7.33,3.706,3.972,4,,,,
7.335,3.65,4.033,4,,,,
7.34,3.631,4.05,4,,,,
7.345,3.628,4.05,4,,,,
7.35,3.585,4.092,4,,,,
7.355,3.543,4.13,4,,,,
7.36,3.561,4.105,4,,,,
7.365,3.562,4.098,4,,,,
7.37,3.485,4.173,4,,,,
7.375,3.454,4.195,4,,,,
7.38,3.433,4.205,4,,,,
7.385,3.42,4.207,4,,,,
7.39,3.435,4.18,4,,,,
7.395,3.327,4.283,4,,,,
7.4,3.326,4.267,4,,,,
7.405,3.346,4.233,4,,,,
7.41,3.328,4.238,4,,,,
7.415,3.294,4.26,4,,,,
7.42,3.229,4.312,4,,,,
7.425,3.251,4.273,4,,,,
7.43,3.229,4.28,4,,,,
7.435,3.253,4.24,4,,,,
7.44,3.134,4.35,4,,,,
7.445,3.17,4.293,4,,,,
7.45,3.159,4.287,4,,,,
7.455,3.194,4.235,4,,,,
7.46,3.117,4.302,4,,,,
7.465,3.11,4.293,4,,,,
7.47,3.058,4.33,4,,,,
7.475,3.122,4.245,4,,,,
7.48,3.1,4.255,4,,,,
7.485,3.05,4.293,4,,,,
7.49,3.022,4.305,4,,,,
7.495,3.056,4.253,4,,,,
7.5,3.052,4.243,4,,,,
7.505,3.027,4.255,4,,,,
7.51,2.992,4.278,4,,,,
7.515,2.96,4.295,4,,,,
7.52,3.026,4.21,4,,,,
7.525,3,4.225,4,,,,
7.53,2.976,4.238,4,,,,
7.535,2.939,4.263,4,,,,
7.54,2.971,4.215,4,,,,
7.545,3.003,4.17,4,,,,
7.55,2.938,4.227,4,,,,
7.555,2.931,4.222,4,,,,
7.56,2.895,4.247,4,,,,
7.565,2.954,4.173,4,,,,
7.57,2.964,4.153,4,,,,
7.575,2.871,4.24,4,,,,
7.58,2.909,4.188,4,,,,
7.585,2.928,4.157,4,,,,
7.59,2.919,4.157,4,,,,
7.595,2.899,4.17,4,,,,
7.6,2.873,4.188,4,,,,
7.605,2.887,4.162,4,,,,
7.61,2.948,4.09,4,,,,
7.615,2.888,4.148,4,,,,
7.62,2.846,4.182,4,,,,
7.625,2.892,4.125,4,,,,
7.63,2.912,4.098,4,,,,
7.635,2.865,4.14,4,,,,
7.64,2.851,4.148,4,,,,
7.645,2.876,4.113,4,,,,
7.65,2.885,4.098,4,,,,
7.655,2.86,4.117,4,,,,
7.66,2.856,4.115,4,,,,
7.665,2.858,4.108,4,,,,
7.67,2.857,4.102,4,,,,
7.675,2.863,4.09,4,,,,
7.68,2.856,4.092,4,,,,
7.685,2.856,4.088,4,,,,
7.69,2.865,4.072,4,,,,
7.695,2.857,4.078,4,,,,
7.7,2.838,4.092,4,,,,
7.705,2.852,4.072,4,,,,
7.71,2.865,4.055,4,,,,
7.715,2.843,4.075,4,,,,
7.72,2.822,4.092,4,,,,
7.725,2.866,4.043,4,,,,
7.73,2.911,3.993,4,,,,
7.735,2.844,4.062,4,,,,
7.74,2.807,4.098,4,,,,
7.745,2.857,4.04,4,,,,
7.75,2.899,3.995,4,,,,
7.755,2.846,4.05,4,,,,
7.76,2.817,4.078,4,,,,
7.765,2.849,4.04,4,,,,
7.77,2.873,4.012,4,,,,
7.775,2.836,4.05,4,,,,
7.78,2.841,4.043,4,,,,
7.785,2.858,4.023,4,,,,
7.79,2.857,4.023,4,,,,
7.795,2.793,4.088,4,,,,
7.8,2.822,4.053,4,,,,
7.805,2.879,3.99,4,,,,
7.81,2.885,3.985,4,,,,
7.815,2.808,4.065,4,,,,
7.82,2.795,4.075,4,,,,
7.825,2.847,4.017,4,,,,
7.83,2.862,4,4,,,,
7.835,2.836,4.027,4,,,,
7.84,2.849,4.012,4,,,,
7.845,2.872,3.988,4,,,,
7.85,2.837,4.025,4,,,,
7.855,2.802,4.06,4,,,,
7.86,2.844,4.012,4,,,,
7.865,2.89,3.965,4,,,,
7.87,2.843,4.015,4,,,,
7.875,2.842,4.015,4,,,,
7.88,2.866,3.99,4,,,,
7.885,2.861,3.995,4,,,,
7.89,2.789,4.07,4,,,,
7.895,2.814,4.04,4,,,,
7.9,2.873,3.977,4,,,,
7.905,2.891,3.96,4,,,,
7.91,2.833,4.023,4,,,,
7.915,2.829,4.025,4,,,,
7.92,2.857,3.995,4,,,,
7.925,2.835,4.017,4,,,,
7.93,2.815,4.037,4,,,,
7.935,2.854,3.995,4,,,,
7.94,2.895,3.952,4,,,,
7.945,2.857,3.995,4,,,,
7.95,2.838,4.015,4,,,,
7.955,2.859,3.993,4,,,,
7.96,2.861,3.99,4,,,,
7.965,2.799,4.055,4,,,,
7.97,2.813,4.037,4,,,,
7.975,2.874,3.972,4,,,,
7.98,2.895,3.952,4,,,,
7.985,2.83,4.023,4,,,,
7.99,2.824,4.027,4,,,,
7.995,2.853,3.995,4,,,,
8,2.837,4.012,4,,,,
8.005,2.812,4.037,4,,,,
8.01,2.861,3.985,4,,,,
8.015,2.902,3.943,4,,,,
8.02,2.85,4,4,,,,
8.025,2.838,4.012,4,,,,
8.03,2.854,3.995,4,,,,
8.035,2.864,3.985,4,,,,
8.04,2.795,4.057,4,,,,
8.045,2.818,4.03,4,,,,
8.05,2.875,3.97,4,,,,
8.055,2.886,3.96,4,,,,
8.06,2.84,4.01,4,,,,
8.065,2.839,4.01,4,,,,
8.07,2.861,3.988,4,,,,
8.075,2.842,4.008,4,,,,
8.08,2.815,4.035,4,,,,
8.085,2.849,3.997,4,,,,
8.09,2.89,3.955,4,,,,
8.095,2.852,3.997,4,,,,
8.1,2.847,4.003,4,,,,
8.105,2.869,3.98,4,,,,
8.11,2.87,3.98,4,,,,
8.115,2.799,4.055,4,,,,
8.12,2.798,4.053,4,,,,
8.125,2.865,3.98,4,,,,
8.13,2.878,3.967,4,,,,
8.135,2.841,4.008,4,,,,
8.14,2.851,3.997,4,,,,
8.145,2.88,3.967,4,,,,
8.15,2.848,4.003,4,,,,
8.155,2.814,4.037,4,,,,
8.16,2.853,3.995,4,,,,
8.165,2.88,3.967,4,,,,
8.17,2.833,4.017,4,,,,
8.175,2.844,4.005,4,,,,
8.18,2.885,3.963,4,,,,
8.185,2.882,3.967,4,,,,
8.19,2.807,4.047,4,,,,
8.195,2.809,4.043,4,,,,
8.2,2.855,3.993,4,,,,
8.205,2.86,3.988,4,,,,
8.21,2.842,4.008,4,,,,
8.215,2.863,3.985,4,,,,
8.22,2.909,3.938,4,,,,
8.225,2.855,3.997,4,,,,
8.23,2.826,4.027,4,,,,
8.235,2.844,4.008,4,,,,
8.24,2.868,3.983,4,,,,
8.245,2.811,4.043,4,,,,
8.25,2.835,4.015,4,,,,
8.255,2.885,3.963,4,,,,
8.26,2.899,3.95,4,,,,
8.265,2.829,4.025,4,,,,
8.27,2.816,4.037,4,,,,
8.275,2.857,3.993,4,,,,
8.28,2.848,4.003,4,,,,
8.285,2.816,4.035,4,,,,
8.29,2.858,3.99,4,,,,
8.295,2.897,3.95,4,,,,
8.3,2.854,3.997,4,,,,
8.305,2.847,4.005,4,,,,
8.31,2.873,3.977,4,,,,
8.315,2.87,3.983,4,,,,
8.32,2.803,4.053,4,,,,
8.325,2.807,4.045,4,,,,
8.33,2.86,3.988,4,,,,
8.335,2.878,3.97,4,,,,
8.34,2.841,4.01,4,,,,
8.345,2.853,3.997,4,,,,
8.35,2.877,3.972,4,,,,
8.355,2.849,4.003,4,,,,
8.36,2.823,4.03,4,,,,
8.365,2.848,4.003,4,,,,
8.37,2.872,3.977,4,,,,
8.375,2.827,4.025,4,,,,
8.38,2.842,4.008,4,,,,
8.385,2.883,3.965,4,,,,
8.39,2.887,3.963,4,,,,
8.395,2.827,4.027,4,,,,
8.4,2.816,4.037,4,,,,
8.405,2.847,4.003,4,,,,
8.41,2.85,4,4,,,,
8.415,2.828,4.023,4,,,,
8.42,2.865,3.983,4,,,,
8.425,2.912,3.935,4,,,,
8.43,2.858,3.995,4,,,,
8.435,2.841,4.012,4,,,,
8.44,2.864,3.988,4,,,,
8.445,2.868,3.985,4,,,,
8.45,2.798,4.057,4,,,,
8.455,2.812,4.04,4,,,,
8.46,2.873,3.975,4,,,,
8.465,2.876,3.972,4,,,,
8.47,2.847,4.005,4,,,,
8.475,2.863,3.988,4,,,,
8.48,2.898,3.952,4,,,,
8.485,2.845,4.01,4,,,,
8.49,2.818,4.037,4,,,,
8.495,2.852,4,4,,,,
8.5,2.866,3.985,4,,,,
8.505,2.821,4.033,4,,,,
8.51,2.848,4.003,4,,,,
8.515,2.892,3.957,4,,,,
8.52,2.899,3.952,4,,,,
8.525,2.831,4.025,4,,,,
8.53,2.825,4.03,4,,,,
8.535,2.853,4,4,,,,
8.54,2.841,4.012,4,,,,
8.545,2.825,4.027,4,,,,
8.55,2.858,3.993,4,,,,
8.555,2.889,3.96,4,,,,
8.56,2.851,4.003,4,,,,
8.565,2.858,3.995,4,,,,
8.57,2.885,3.967,4,,,,
8.575,2.879,3.975,4,,,,
8.58,2.808,4.05,4,,,,
8.585,2.805,4.05,4,,,,
8.59,2.856,3.995,4,,,,
8.595,2.863,3.988,4,,,,
8.6,2.833,4.02,4,,,,
8.605,2.868,3.983,4,,,,
8.61,2.905,3.945,4,,,,
8.615,2.855,4,4,,,,
8.62,2.838,4.017,4,,,,
8.625,2.863,3.99,4,,,,
8.63,2.864,3.99,4,,,,
8.635,2.797,4.06,4,,,,
8.64,2.82,4.033,4,,,,
8.645,2.876,3.972,4,,,,
8.65,2.88,3.97,4,,,,
8.655,2.843,4.01,4,,,,
8.66,2.86,3.993,4,,,,
8.665,2.882,3.97,4,,,,
8.67,2.85,4.005,4,,,,
8.675,2.825,4.03,4,,,,
8.68,2.853,4,4,,,,
8.685,2.862,3.99,4,,,,
8.69,2.817,4.037,4,,,,
8.695,2.834,4.017,4,,,,
8.7,2.891,3.957,4,,,,
8.705,2.898,3.952,4,,,,
8.71,2.836,4.02,4,,,,
8.715,2.83,4.025,4,,,,
8.72,2.855,3.997,4,,,,
8.725,2.843,4.01,4,,,,
8.73,2.811,4.043,4,,,,
8.735,2.855,3.995,4,,,,
8.74,2.886,3.963,4,,,,
8.745,2.838,4.015,4,,,,
8.75,2.842,4.01,4,,,,
8.755,2.887,3.963,4,,,,
8.76,2.887,3.965,4,,,,
8.765,2.814,4.043,4,,,,
8.77,2.814,4.04,4,,,,
8.775,2.853,3.997,4,,,,
8.78,2.846,4.005,4,,,,
8.785,2.821,4.03,4,,,,
8.79,2.863,3.985,4,,,,
8.795,2.902,3.945,4,,,,
8.8,2.843,4.01,4,,,,
8.805,2.842,4.01,4,,,,
8.81,2.873,3.977,4,,,,
8.815,2.872,3.98,4,,,,
8.82,2.798,4.057,4,,,,
8.825,2.807,4.045,4,,,,
8.83,2.853,3.995,4,,,,
8.835,2.855,3.993,4,,,,
8.84,2.832,4.017,4,,,,
8.845,2.865,3.983,4,,,,
8.85,2.904,3.943,4,,,,
8.855,2.857,3.995,4,,,,
8.86,2.835,4.017,4,,,,
8.865,2.856,3.995,4,,,,
8.87,2.863,3.988,4,,,,
8.875,2.801,4.053,4,,,,
8.88,2.811,4.04,4,,,,
8.885,2.864,3.983,4,,,,
8.89,2.872,3.975,4,,,,
8.895,2.84,4.01,4,,,,
8.9,2.858,3.99,4,,,,
8.905,2.907,3.94,4,,,,
8.91,2.848,4.005,4,,,,
8.915,2.818,4.035,4,,,,
8.92,2.848,4.003,4,,,,
8.925,2.862,3.988,4,,,,
8.93,2.805,4.047,4,,,,
8.935,2.817,4.033,4,,,,
8.94,2.873,3.972,4,,,,
8.945,2.884,3.963,4,,,,
8.95,2.836,4.015,4,,,,
8.955,2.857,3.993,4,,,,
8.96,2.893,3.955,4,,,,
8.965,2.842,4.01,4,,,,
8.97,2.818,4.035,4,,,,
8.975,2.855,3.995,4,,,,
8.98,2.86,3.99,4,,,,
8.985,2.809,4.043,4,,,,
8.99,2.827,4.023,4,,,,
8.995,2.883,3.963,4,,,,
9,2.885,3.963,4,,,,
9.005,2.834,4.017,4,,,,
9.01,2.843,4.008,4,,,,
9.015,2.874,3.975,4,,,,
9.02,2.841,4.01,4,,,,
9.025,2.822,4.03,4,,,,
9.03,2.849,4,4,,,,
9.035,2.868,3.98,4,,,,
9.04,2.816,4.035,4,,,,
9.045,2.838,4.01,4,,,,
9.05,2.884,3.963,4,,,,
9.055,2.891,3.957,4,,,,
9.06,2.837,4.015,4,,,,
9.065,2.832,4.02,4,,,,
9.07,2.872,3.977,4,,,,
9.075,2.844,4.008,4,,,,
9.08,2.815,4.037,4,,,,
9.085,2.844,4.005,4,,,,
9.09,2.875,3.972,4,,,,
9.095,2.823,4.027,4,,,,
9.1,2.839,4.01,4,,,,
9.105,2.887,3.96,4,,,,
9.11,2.891,3.957,4,,,,
9.115,2.823,4.03,4,,,,
9.12,2.822,4.03,4,,,,
9.125,2.859,3.99,4,,,,
9.13,2.838,4.012,4,,,,
9.135,2.815,4.035,4,,,,
9.14,2.859,3.988,4,,,,
9.145,2.884,3.963,4,,,,
9.15,2.828,4.023,4,,,,
9.155,2.858,3.99,4,,,,
9.16,2.895,3.952,4,,,,
9.165,2.885,3.965,4,,,,
9.17,2.817,4.037,4,,,,
9.175,2.818,4.035,4,,,,
9.18,2.862,3.988,4,,,,
9.185,2.838,4.012,4,,,,
9.19,2.821,4.03,4,,,,
9.195,2.858,3.99,4,,,,
9.2,2.88,3.967,4,,,,
9.205,2.838,4.012,4,,,,
9.21,2.855,3.995,4,,,,
9.215,2.881,3.967,4,,,,
9.22,2.89,3.96,4,,,,
9.225,2.815,4.04,4,,,,
9.23,2.816,4.037,4,,,,
9.235,2.857,3.993,4,,,,
9.24,2.843,4.008,4,,,,
9.245,2.818,4.033,4,,,,
9.25,2.865,3.983,4,,,,
9.255,2.892,3.955,4,,,,
9.26,2.846,4.005,4,,,,
9.265,2.851,4,4,,,,
9.27,2.892,3.957,4,,,,
9.275,2.89,3.963,4,,,,
9.28,2.814,4.043,4,,,,
9.285,2.812,4.043,4,,,,
9.29,2.86,3.99,4,,,,
9.295,2.844,4.008,4,,,,
9.3,2.822,4.03,4,,,,
9.305,2.861,3.988,4,,,,
9.31,2.896,3.952,4,,,,
9.315,2.843,4.01,4,,,,
9.32,2.859,3.993,4,,,,
9.325,2.889,3.963,4,,,,
9.33,2.883,3.97,4,,,,
9.335,2.813,4.045,4,,,,
9.34,2.813,4.043,4,,,,
9.345,2.856,3.995,4,,,,
9.35,2.847,4.005,4,,,,
9.355,2.825,4.027,4,,,,
9.36,2.864,3.985,4,,,,
9.365,2.896,3.952,4,,,,
9.37,2.853,4,4,,,,
9.375,2.863,3.99,4,,,,
9.38,2.885,3.967,4,,,,
9.385,2.889,3.965,4,,,,
9.39,2.812,4.047,4,,,,
9.395,2.814,4.043,4,,,,
9.4,2.857,3.995,4,,,,
9.405,2.86,3.993,4,,,,
9.41,2.829,4.025,4,,,,
9.415,2.864,3.988,4,,,,
9.42,2.906,3.945,4,,,,
9.425,2.853,4.003,4,,,,
9.43,2.858,3.997,4,,,,
9.435,2.882,3.972,4,,,,
9.44,2.883,3.972,4,,,,
9.445,2.81,4.05,4,,,,
9.45,2.812,4.045,4,,,,
9.455,2.863,3.99,4,,,,
9.46,2.861,3.993,4,,,,
9.465,2.835,4.02,4,,,,
9.47,2.872,3.98,4,,,,
9.475,2.91,3.943,4,,,,
9.48,2.86,3.997,4,,,,
9.485,2.862,3.995,4,,,,
9.49,2.882,3.975,4,,,,
9.495,2.878,3.98,4,,,,
